0,1,2,3,4,5,6,7,8,9,10,11,12,13,14,15,16,17,18,19,20,21,22,23,24,25,26,27,28,29,30,31,32,33,34,35,36,37,38,39,40,41,42,43,44,45,46,47,48,49,50,51,52,53,54,55,56,57,58,59,60,61,62,63,64,65,66,67,68,69,70
0.0,0.0,0.0,0.0417605,-0.265956,1.02176,0.3101405,-0.845128,1.54187,0.3101405,-4.70113,1.49715,0.3101405,-4.26116,-3.25787,0.3101415,-0.459378,-6.03966,0.3101405,-7.03696,-2.01092,0.3101415,-6.01573,6.01449,0.3101405,-7.04318,-5.98946,0.3101405,-11.4279,-1.0355,0.3101335,-10.9719,-6.02464,0.3101335,-14.5318,0.00693094,0.3101405,2.27424,0.0027254,0.3119705,0.514697,2.30002,0.3542995,0.512025,-2.33136,0.3471335,4.97883,-4.99817,0.3120015,4.97989,5.02929,0.3542895,2.03674,-6.95322,0.3121575,7.50018,-0.000507548,0.3295865,13.5358,2.93039,0.3121155,14.0029,-2.94891,0.3130855,14.2025,-2.79619,0.3546115,14.4913,1.5728,0.3296145,0.0
0.1,0.0,0.0,0.0417605,-0.265956,1.02176,0.26838,-0.845128,1.54187,0.26838,-4.70113,1.49715,0.26838,-4.26116,-3.25787,0.268381,-0.459378,-6.03966,0.26838,-7.03696,-2.01092,0.268381,-6.01573,6.01449,0.26838,-7.04318,-5.98946,0.26838,-11.4279,-1.0355,0.268373,-10.9719,-6.02464,0.268373,-14.5318,0.00693094,0.26838,2.27424,0.0027254,0.27021,0.514697,2.30002,0.312539,0.512025,-2.33136,0.305373,4.97883,-4.99817,0.270241,4.97989,5.02929,0.312529,2.03674,-6.95322,0.270397,7.50018,-0.000507548,0.287826,13.5358,2.93039,0.270355,14.0029,-2.94891,0.271325,14.2025,-2.79619,0.312851,14.4913,1.5728,0.287854,0.0
0.18,0.0,0.0,0.0417605,-0.265956,1.02176,0.2266195,-0.845128,1.54187,0.2266195,-4.70113,1.49715,0.2266195,-4.26116,-3.25787,0.2266205,-0.459378,-6.03966,0.2266195,-7.03696,-2.01092,0.2266205,-6.01573,6.01449,0.2266195,-7.04318,-5.98946,0.2266195,-11.4279,-1.0355,0.2266125,-10.9719,-6.02464,0.2266125,-14.5318,0.00693094,0.2266195,2.27424,0.0027254,0.2284495,0.514697,2.30002,0.2707785000000001,0.512025,-2.33136,0.2636125000000001,4.97883,-4.99817,0.2284805,4.97989,5.02929,0.2707685000000001,2.03674,-6.95322,0.2286365,7.50018,-0.000507548,0.2460655,13.5358,2.93039,0.2285945,14.0029,-2.94891,0.2295645,14.2025,-2.79619,0.2710905,14.4913,1.5728,0.2460935,0.0
0.26,0.0,0.0,0.0417605,-0.265956,1.02176,0.184859,-0.845128,1.54187,0.184859,-4.70113,1.49715,0.184859,-4.26116,-3.25787,0.18486,-0.459378,-6.03966,0.184859,-7.03696,-2.01092,0.18486,-6.01573,6.01449,0.184859,-7.04318,-5.98946,0.184859,-11.4279,-1.0355,0.184852,-10.9719,-6.02464,0.184852,-14.5318,0.00693094,0.184859,2.27424,0.0027254,0.186689,0.514697,2.30002,0.229018,0.512025,-2.33136,0.221852,4.97883,-4.99817,0.18672,4.97989,5.02929,0.229008,2.03674,-6.95322,0.186876,7.50018,-0.000507548,0.204305,13.5358,2.93039,0.186834,14.0029,-2.94891,0.187804,14.2025,-2.79619,0.22933,14.4913,1.5728,0.204333,0.0
0.34,0.0,0.0,0.0417605,-0.265956,1.02176,0.1430985,-0.845128,1.54187,0.1430985,-4.70113,1.49715,0.1430985,-4.26116,-3.25787,0.1430995,-0.459378,-6.03966,0.1430985,-7.03696,-2.01092,0.1430995,-6.01573,6.01449,0.1430985,-7.04318,-5.98946,0.1430985,-11.4279,-1.0355,0.1430915,-10.9719,-6.02464,0.1430915,-14.5318,0.00693094,0.1430985,2.27424,0.0027254,0.1449285,0.514697,2.30002,0.1872575,0.512025,-2.33136,0.1800915,4.97883,-4.99817,0.1449595,4.97989,5.02929,0.1872475,2.03674,-6.95322,0.1451155,7.50018,-0.000507548,0.1625445,13.5358,2.93039,0.1450735,14.0029,-2.94891,0.1460435,14.2025,-2.79619,0.1875695,14.4913,1.5728,0.1625725,0.0
0.42,0.0,0.0,0.0417605,-0.265956,1.02176,0.101338,-0.845128,1.54187,0.101338,-4.70113,1.49715,0.101338,-4.26116,-3.25787,0.101339,-0.459378,-6.03966,0.101338,-7.03696,-2.01092,0.101339,-6.01573,6.01449,0.101338,-7.04318,-5.98946,0.101338,-11.4279,-1.0355,0.101331,-10.9719,-6.02464,0.101331,-14.5318,0.00693094,0.101338,2.27424,0.0027254,0.103168,0.514697,2.30002,0.145497,0.512025,-2.33136,0.138331,4.97883,-4.99817,0.103199,4.97989,5.02929,0.145487,2.03674,-6.95322,0.103355,7.50018,-0.000507548,0.120784,13.5358,2.93039,0.103313,14.0029,-2.94891,0.104283,14.2025,-2.79619,0.145809,14.4913,1.5728,0.120812,0.0
0.5,0.0,0.0,0.0417605,-0.265956,1.02176,0.0595775,-0.845128,1.54187,0.0595775,-4.70113,1.49715,0.0595775,-4.26116,-3.25787,0.0595785,-0.459378,-6.03966,0.0595775,-7.03696,-2.01092,0.0595785,-6.01573,6.01449,0.0595775,-7.04318,-5.98946,0.0595775,-11.4279,-1.0355,0.0595705,-10.9719,-6.02464,0.0595705,-14.5318,0.00693094,0.0595775,2.27424,0.0027254,0.0614075,0.514697,2.30002,0.1037365,0.512025,-2.33136,0.0965705,4.97883,-4.99817,0.0614385,4.97989,5.02929,0.1037265,2.03674,-6.95322,0.0615945,7.50018,-0.000507548,0.0790235,13.5358,2.93039,0.0615525,14.0029,-2.94891,0.0625225,14.2025,-2.79619,0.1040485,14.4913,1.5728,0.0790515,0.0
0.58,0.0,0.0,0.0417605,-0.265956,1.02176,0.017817,-0.845128,1.54187,0.017817,-4.70113,1.49715,0.017817,-4.26116,-3.25787,0.017818,-0.459378,-6.03966,0.017817,-7.03696,-2.01092,0.017818,-6.01573,6.01449,0.017817,-7.04318,-5.98946,0.017817,-11.4279,-1.0355,0.01781,-10.9719,-6.02464,0.01781,-14.5318,0.00693094,0.017817,2.27424,0.0027254,0.019647,0.514697,2.30002,0.061976,0.512025,-2.33136,0.05481,4.97883,-4.99817,0.019678,4.97989,5.02929,0.061966,2.03674,-6.95322,0.019834,7.50018,-0.000507548,0.037263,13.5358,2.93039,0.019792,14.0029,-2.94891,0.020762,14.2025,-2.79619,0.062288,14.4913,1.5728,0.037291,0.0
0.66,0.0,0.0,0.0417605,-0.265956,1.02176,-0.0239434999999999,-0.845128,1.54187,-0.0239434999999999,-4.70113,1.49715,-0.0239434999999999,-4.26116,-3.25787,-0.0239424999999999,-0.459378,-6.03966,-0.0239434999999999,-7.03696,-2.01092,-0.0239424999999999,-6.01573,6.01449,-0.0239434999999999,-7.04318,-5.98946,-0.0239434999999999,-11.4279,-1.0355,-0.0239504999999999,-10.9719,-6.02464,-0.0239504999999999,-14.5318,0.00693094,-0.0239434999999999,2.27424,0.0027254,-0.0221134999999999,0.514697,2.30002,0.0202155,0.512025,-2.33136,0.0130495,4.97883,-4.99817,-0.0220824999999999,4.97989,5.02929,0.0202055,2.03674,-6.95322,-0.0219264999999999,7.50018,-0.000507548,-0.0044975,13.5358,2.93039,-0.0219684999999999,14.0029,-2.94891,-0.0209984999999999,14.2025,-2.79619,0.0205275,14.4913,1.5728,-0.0044694999999999,0.0
0.74,0.0,0.0,0.0417605,-0.265956,1.02176,-0.0657039999999999,-0.845128,1.54187,-0.0657039999999999,-4.70113,1.49715,-0.0657039999999999,-4.26116,-3.25787,-0.0657029999999999,-0.459378,-6.03966,-0.0657039999999999,-7.03696,-2.01092,-0.0657029999999999,-6.01573,6.01449,-0.0657039999999999,-7.04318,-5.98946,-0.0657039999999999,-11.4279,-1.0355,-0.0657109999999999,-10.9719,-6.02464,-0.0657109999999999,-14.5318,0.00693094,-0.0657039999999999,2.27424,0.0027254,-0.0638739999999999,0.514697,2.30002,-0.0215449999999999,0.512025,-2.33136,-0.0287109999999999,4.97883,-4.99817,-0.0638429999999999,4.97989,5.02929,-0.0215549999999999,2.03674,-6.95322,-0.0636869999999999,7.50018,-0.000507548,-0.046258,13.5358,2.93039,-0.0637289999999999,14.0029,-2.94891,-0.0627589999999999,14.2025,-2.79619,-0.0212329999999999,14.4913,1.5728,-0.0462299999999999,0.0
0.82,0.0,0.0,0.0417605,-0.265956,1.02176,-0.1074644999999999,-0.845128,1.54187,-0.1074644999999999,-4.70113,1.49715,-0.1074644999999999,-4.26116,-3.25787,-0.1074634999999999,-0.459378,-6.03966,-0.1074644999999999,-7.03696,-2.01092,-0.1074634999999999,-6.01573,6.01449,-0.1074644999999999,-7.04318,-5.98946,-0.1074644999999999,-11.4279,-1.0355,-0.1074715,-10.9719,-6.02464,-0.1074715,-14.5318,0.00693094,-0.1074644999999999,2.27424,0.0027254,-0.1056344999999999,0.514697,2.30002,-0.0633054999999999,0.512025,-2.33136,-0.0704714999999999,4.97883,-4.99817,-0.1056034999999999,4.97989,5.02929,-0.0633154999999999,2.03674,-6.95322,-0.1054474999999999,7.50018,-0.000507548,-0.0880185,13.5358,2.93039,-0.1054894999999999,14.0029,-2.94891,-0.1045194999999999,14.2025,-2.79619,-0.0629934999999999,14.4913,1.5728,-0.0879904999999999,0.0
0.9,0.0,0.0,0.0417605,-0.265956,1.02176,-0.1492249999999999,-0.845128,1.54187,-0.1492249999999999,-4.70113,1.49715,-0.1492249999999999,-4.26116,-3.25787,-0.149224,-0.459378,-6.03966,-0.1492249999999999,-7.03696,-2.01092,-0.149224,-6.01573,6.01449,-0.1492249999999999,-7.04318,-5.98946,-0.1492249999999999,-11.4279,-1.0355,-0.149232,-10.9719,-6.02464,-0.149232,-14.5318,0.00693094,-0.1492249999999999,2.27424,0.0027254,-0.1473949999999999,0.514697,2.30002,-0.1050659999999999,0.512025,-2.33136,-0.1122319999999999,4.97883,-4.99817,-0.1473639999999999,4.97989,5.02929,-0.1050759999999999,2.03674,-6.95322,-0.1472079999999999,7.50018,-0.000507548,-0.129779,13.5358,2.93039,-0.1472499999999999,14.0029,-2.94891,-0.14628,14.2025,-2.79619,-0.1047539999999999,14.4913,1.5728,-0.1297509999999999,0.0
0.98,0.0,0.0,0.0417605,-0.265956,1.02176,-0.1909854999999999,-0.845128,1.54187,-0.1909854999999999,-4.70113,1.49715,-0.1909854999999999,-4.26116,-3.25787,-0.1909845,-0.459378,-6.03966,-0.1909854999999999,-7.03696,-2.01092,-0.1909845,-6.01573,6.01449,-0.1909854999999999,-7.04318,-5.98946,-0.1909854999999999,-11.4279,-1.0355,-0.1909925,-10.9719,-6.02464,-0.1909925,-14.5318,0.00693094,-0.1909854999999999,2.27424,0.0027254,-0.1891554999999999,0.514697,2.30002,-0.1468264999999999,0.512025,-2.33136,-0.1539924999999999,4.97883,-4.99817,-0.1891244999999999,4.97989,5.02929,-0.1468364999999999,2.03674,-6.95322,-0.1889684999999999,7.50018,-0.000507548,-0.1715395,13.5358,2.93039,-0.1890104999999999,14.0029,-2.94891,-0.1880405,14.2025,-2.79619,-0.1465144999999999,14.4913,1.5728,-0.1715114999999999,0.0
1.06,0.0,0.0,0.0417605,-0.265956,1.02176,-0.2327459999999999,-0.845128,1.54187,-0.2327459999999999,-4.70113,1.49715,-0.2327459999999999,-4.26116,-3.25787,-0.232745,-0.459378,-6.03966,-0.2327459999999999,-7.03696,-2.01092,-0.232745,-6.01573,6.01449,-0.2327459999999999,-7.04318,-5.98946,-0.2327459999999999,-11.4279,-1.0355,-0.232753,-10.9719,-6.02464,-0.232753,-14.5318,0.00693094,-0.2327459999999999,2.27424,0.0027254,-0.2309159999999999,0.514697,2.30002,-0.1885869999999999,0.512025,-2.33136,-0.1957529999999999,4.97883,-4.99817,-0.2308849999999999,4.97989,5.02929,-0.1885969999999999,2.03674,-6.95322,-0.230729,7.50018,-0.000507548,-0.2133,13.5358,2.93039,-0.2307709999999999,14.0029,-2.94891,-0.229801,14.2025,-2.79619,-0.1882749999999999,14.4913,1.5728,-0.213272,0.0
1.14,0.0,0.0,0.0417605,-0.265956,1.02176,-0.2745065,-0.845128,1.54187,-0.2745065,-4.70113,1.49715,-0.2745065,-4.26116,-3.25787,-0.2745055,-0.459378,-6.03966,-0.2745065,-7.03696,-2.01092,-0.2745055,-6.01573,6.01449,-0.2745065,-7.04318,-5.98946,-0.2745065,-11.4279,-1.0355,-0.2745135,-10.9719,-6.02464,-0.2745135,-14.5318,0.00693094,-0.2745065,2.27424,0.0027254,-0.2726765,0.514697,2.30002,-0.2303474999999999,0.512025,-2.33136,-0.2375134999999999,4.97883,-4.99817,-0.2726455,4.97989,5.02929,-0.2303574999999999,2.03674,-6.95322,-0.2724895,7.50018,-0.000507548,-0.2550605,13.5358,2.93039,-0.2725315,14.0029,-2.94891,-0.2715615,14.2025,-2.79619,-0.2300354999999999,14.4913,1.5728,-0.2550325,0.0
1.22,0.0,0.0,0.0417605,-0.265956,1.02176,-0.3162669999999999,-0.845128,1.54187,-0.3162669999999999,-4.70113,1.49715,-0.3162669999999999,-4.26116,-3.25787,-0.316266,-0.459378,-6.03966,-0.3162669999999999,-7.03696,-2.01092,-0.316266,-6.01573,6.01449,-0.3162669999999999,-7.04318,-5.98946,-0.3162669999999999,-11.4279,-1.0355,-0.316274,-10.9719,-6.02464,-0.316274,-14.5318,0.00693094,-0.3162669999999999,2.27424,0.0027254,-0.3144369999999999,0.514697,2.30002,-0.2721079999999999,0.512025,-2.33136,-0.2792739999999999,4.97883,-4.99817,-0.3144059999999999,4.97989,5.02929,-0.2721179999999999,2.03674,-6.95322,-0.31425,7.50018,-0.000507548,-0.296821,13.5358,2.93039,-0.3142919999999999,14.0029,-2.94891,-0.313322,14.2025,-2.79619,-0.271796,14.4913,1.5728,-0.296793,0.0
1.3,0.0,0.0,0.0417605,-0.265956,1.02176,-0.3580274999999999,-0.845128,1.54187,-0.3580274999999999,-4.70113,1.49715,-0.3580274999999999,-4.26116,-3.25787,-0.3580264999999999,-0.459378,-6.03966,-0.3580274999999999,-7.03696,-2.01092,-0.3580264999999999,-6.01573,6.01449,-0.3580274999999999,-7.04318,-5.98946,-0.3580274999999999,-11.4279,-1.0355,-0.3580345,-10.9719,-6.02464,-0.3580345,-14.5318,0.00693094,-0.3580274999999999,2.27424,0.0027254,-0.3561974999999999,0.514697,2.30002,-0.3138684999999999,0.512025,-2.33136,-0.3210344999999999,4.97883,-4.99817,-0.3561664999999999,4.97989,5.02929,-0.3138784999999999,2.03674,-6.95322,-0.3560104999999999,7.50018,-0.000507548,-0.3385815,13.5358,2.93039,-0.3560524999999999,14.0029,-2.94891,-0.3550824999999999,14.2025,-2.79619,-0.3135564999999999,14.4913,1.5728,-0.3385534999999999,0.0
1.38,0.0,0.0,0.0417605,-0.265956,1.02176,-0.3997879999999999,-0.845128,1.54187,-0.3997879999999999,-4.70113,1.49715,-0.3997879999999999,-4.26116,-3.25787,-0.3997869999999999,-0.459378,-6.03966,-0.3997879999999999,-7.03696,-2.01092,-0.3997869999999999,-6.01573,6.01449,-0.3997879999999999,-7.04318,-5.98946,-0.3997879999999999,-11.4279,-1.0355,-0.3997949999999999,-10.9719,-6.02464,-0.3997949999999999,-14.5318,0.00693094,-0.3997879999999999,2.27424,0.0027254,-0.3979579999999999,0.514697,2.30002,-0.3556289999999999,0.512025,-2.33136,-0.3627949999999999,4.97883,-4.99817,-0.3979269999999999,4.97989,5.02929,-0.3556389999999999,2.03674,-6.95322,-0.3977709999999999,7.50018,-0.000507548,-0.3803419999999999,13.5358,2.93039,-0.3978129999999999,14.0029,-2.94891,-0.3968429999999999,14.2025,-2.79619,-0.3553169999999999,14.4913,1.5728,-0.3803139999999999,0.0
1.46,0.0,0.0,0.0417605,-0.265956,1.02176,-0.4415484999999999,-0.845128,1.54187,-0.4415484999999999,-4.70113,1.49715,-0.4415484999999999,-4.26116,-3.25787,-0.4415474999999999,-0.459378,-6.03966,-0.4415484999999999,-7.03696,-2.01092,-0.4415474999999999,-6.01573,6.01449,-0.4415484999999999,-7.04318,-5.98946,-0.4415484999999999,-11.4279,-1.0355,-0.4415554999999999,-10.9719,-6.02464,-0.4415554999999999,-14.5318,0.00693094,-0.4415484999999999,2.27424,0.0027254,-0.4397184999999999,0.514697,2.30002,-0.3973894999999999,0.512025,-2.33136,-0.4045554999999999,4.97883,-4.99817,-0.4396874999999999,4.97989,5.02929,-0.3973994999999999,2.03674,-6.95322,-0.4395314999999999,7.50018,-0.000507548,-0.4221024999999999,13.5358,2.93039,-0.4395734999999999,14.0029,-2.94891,-0.4386034999999999,14.2025,-2.79619,-0.3970774999999999,14.4913,1.5728,-0.4220744999999999,0.0
1.54,0.0,0.0,0.0417605,-0.265956,1.02176,-0.4833089999999999,-0.845128,1.54187,-0.4833089999999999,-4.70113,1.49715,-0.4833089999999999,-4.26116,-3.25787,-0.4833079999999999,-0.459378,-6.03966,-0.4833089999999999,-7.03696,-2.01092,-0.4833079999999999,-6.01573,6.01449,-0.4833089999999999,-7.04318,-5.98946,-0.4833089999999999,-11.4279,-1.0355,-0.4833159999999999,-10.9719,-6.02464,-0.4833159999999999,-14.5318,0.00693094,-0.4833089999999999,2.27424,0.0027254,-0.4814789999999999,0.514697,2.30002,-0.4391499999999999,0.512025,-2.33136,-0.4463159999999999,4.97883,-4.99817,-0.4814479999999999,4.97989,5.02929,-0.4391599999999999,2.03674,-6.95322,-0.4812919999999999,7.50018,-0.000507548,-0.4638629999999999,13.5358,2.93039,-0.4813339999999999,14.0029,-2.94891,-0.4803639999999999,14.2025,-2.79619,-0.4388379999999999,14.4913,1.5728,-0.4638349999999999,0.0
1.62,0.0,0.0,0.0417605,-0.265956,1.02176,-0.5250694999999999,-0.845128,1.54187,-0.5250694999999999,-4.70113,1.49715,-0.5250694999999999,-4.26116,-3.25787,-0.5250684999999999,-0.459378,-6.03966,-0.5250694999999999,-7.03696,-2.01092,-0.5250684999999999,-6.01573,6.01449,-0.5250694999999999,-7.04318,-5.98946,-0.5250694999999999,-11.4279,-1.0355,-0.5250765,-10.9719,-6.02464,-0.5250765,-14.5318,0.00693094,-0.5250694999999999,2.27424,0.0027254,-0.5232394999999999,0.514697,2.30002,-0.4809104999999998,0.512025,-2.33136,-0.4880764999999998,4.97883,-4.99817,-0.5232084999999999,4.97989,5.02929,-0.4809204999999998,2.03674,-6.95322,-0.5230524999999999,7.50018,-0.000507548,-0.5056234999999999,13.5358,2.93039,-0.5230944999999999,14.0029,-2.94891,-0.5221244999999999,14.2025,-2.79619,-0.4805984999999999,14.4913,1.5728,-0.5055954999999999,0.0
1.7,0.0,0.0,0.0417605,-0.265956,1.02176,-0.5668299999999998,-0.845128,1.54187,-0.5668299999999998,-4.70113,1.49715,-0.5668299999999998,-4.26116,-3.25787,-0.5668289999999999,-0.459378,-6.03966,-0.5668299999999998,-7.03696,-2.01092,-0.5668289999999999,-6.01573,6.01449,-0.5668299999999998,-7.04318,-5.98946,-0.5668299999999998,-11.4279,-1.0355,-0.5668369999999999,-10.9719,-6.02464,-0.5668369999999999,-14.5318,0.00693094,-0.5668299999999998,2.27424,0.0027254,-0.5649999999999998,0.514697,2.30002,-0.5226709999999999,0.512025,-2.33136,-0.5298369999999999,4.97883,-4.99817,-0.5649689999999998,4.97989,5.02929,-0.5226809999999998,2.03674,-6.95322,-0.5648129999999999,7.50018,-0.000507548,-0.5473839999999999,13.5358,2.93039,-0.5648549999999999,14.0029,-2.94891,-0.5638849999999999,14.2025,-2.79619,-0.5223589999999999,14.4913,1.5728,-0.5473559999999998,0.0
1.78,0.0,0.0,0.0417605,-0.265956,1.02176,-0.6085904999999998,-0.845128,1.54187,-0.6085904999999998,-4.70113,1.49715,-0.6085904999999998,-4.26116,-3.25787,-0.6085894999999999,-0.459378,-6.03966,-0.6085904999999998,-7.03696,-2.01092,-0.6085894999999999,-6.01573,6.01449,-0.6085904999999998,-7.04318,-5.98946,-0.6085904999999998,-11.4279,-1.0355,-0.6085974999999999,-10.9719,-6.02464,-0.6085974999999999,-14.5318,0.00693094,-0.6085904999999998,2.27424,0.0027254,-0.6067604999999998,0.514697,2.30002,-0.5644314999999999,0.512025,-2.33136,-0.5715974999999999,4.97883,-4.99817,-0.6067294999999998,4.97989,5.02929,-0.5644414999999998,2.03674,-6.95322,-0.6065734999999999,7.50018,-0.000507548,-0.5891444999999998,13.5358,2.93039,-0.6066154999999999,14.0029,-2.94891,-0.6056454999999998,14.2025,-2.79619,-0.5641194999999999,14.4913,1.5728,-0.5891164999999998,0.0
1.86,0.0,0.0,0.0417605,-0.265956,1.02176,-0.6503509999999998,-0.845128,1.54187,-0.6503509999999998,-4.70113,1.49715,-0.6503509999999998,-4.26116,-3.25787,-0.6503499999999999,-0.459378,-6.03966,-0.6503509999999998,-7.03696,-2.01092,-0.6503499999999999,-6.01573,6.01449,-0.6503509999999998,-7.04318,-5.98946,-0.6503509999999998,-11.4279,-1.0355,-0.6503579999999999,-10.9719,-6.02464,-0.6503579999999999,-14.5318,0.00693094,-0.6503509999999998,2.27424,0.0027254,-0.6485209999999998,0.514697,2.30002,-0.6061919999999998,0.512025,-2.33136,-0.6133579999999998,4.97883,-4.99817,-0.6484899999999998,4.97989,5.02929,-0.6062019999999998,2.03674,-6.95322,-0.6483339999999999,7.50018,-0.000507548,-0.6309049999999998,13.5358,2.93039,-0.6483759999999998,14.0029,-2.94891,-0.6474059999999998,14.2025,-2.79619,-0.6058799999999999,14.4913,1.5728,-0.6308769999999998,0.0
1.94,0.0,0.0,0.0417605,-0.265956,1.02176,-0.6921114999999998,-0.845128,1.54187,-0.6921114999999998,-4.70113,1.49715,-0.6921114999999998,-4.26116,-3.25787,-0.6921104999999999,-0.459378,-6.03966,-0.6921114999999998,-7.03696,-2.01092,-0.6921104999999999,-6.01573,6.01449,-0.6921114999999998,-7.04318,-5.98946,-0.6921114999999998,-11.4279,-1.0355,-0.6921184999999999,-10.9719,-6.02464,-0.6921184999999999,-14.5318,0.00693094,-0.6921114999999998,2.27424,0.0027254,-0.6902814999999998,0.514697,2.30002,-0.6479524999999998,0.512025,-2.33136,-0.6551184999999998,4.97883,-4.99817,-0.6902504999999998,4.97989,5.02929,-0.6479624999999998,2.03674,-6.95322,-0.6900944999999998,7.50018,-0.000507548,-0.6726654999999998,13.5358,2.93039,-0.6901364999999998,14.0029,-2.94891,-0.6891664999999998,14.2025,-2.79619,-0.6476404999999998,14.4913,1.5728,-0.6726374999999998,0.0
2.02,0.0,0.0,0.0417605,-0.265956,1.02176,-0.7338719999999997,-0.845128,1.54187,-0.7338719999999997,-4.70113,1.49715,-0.7338719999999997,-4.26116,-3.25787,-0.7338709999999998,-0.459378,-6.03966,-0.7338719999999997,-7.03696,-2.01092,-0.7338709999999998,-6.01573,6.01449,-0.7338719999999997,-7.04318,-5.98946,-0.7338719999999997,-11.4279,-1.0355,-0.7338789999999998,-10.9719,-6.02464,-0.7338789999999998,-14.5318,0.00693094,-0.7338719999999997,2.27424,0.0027254,-0.7320419999999997,0.514697,2.30002,-0.6897129999999998,0.512025,-2.33136,-0.6968789999999998,4.97883,-4.99817,-0.7320109999999997,4.97989,5.02929,-0.6897229999999998,2.03674,-6.95322,-0.7318549999999998,7.50018,-0.000507548,-0.7144259999999998,13.5358,2.93039,-0.7318969999999998,14.0029,-2.94891,-0.7309269999999998,14.2025,-2.79619,-0.6894009999999998,14.4913,1.5728,-0.7143979999999998,0.0
2.1,0.0,0.0,0.0417605,-0.265956,1.02176,-0.7756324999999997,-0.845128,1.54187,-0.7756324999999997,-4.70113,1.49715,-0.7756324999999997,-4.26116,-3.25787,-0.7756314999999998,-0.459378,-6.03966,-0.7756324999999997,-7.03696,-2.01092,-0.7756314999999998,-6.01573,6.01449,-0.7756324999999997,-7.04318,-5.98946,-0.7756324999999997,-11.4279,-1.0355,-0.7756394999999998,-10.9719,-6.02464,-0.7756394999999998,-14.5318,0.00693094,-0.7756324999999997,2.27424,0.0027254,-0.7738024999999997,0.514697,2.30002,-0.7314734999999998,0.512025,-2.33136,-0.7386394999999998,4.97883,-4.99817,-0.7737714999999997,4.97989,5.02929,-0.7314834999999997,2.03674,-6.95322,-0.7736154999999998,7.50018,-0.000507548,-0.7561864999999998,13.5358,2.93039,-0.7736574999999998,14.0029,-2.94891,-0.7726874999999997,14.2025,-2.79619,-0.7311614999999998,14.4913,1.5728,-0.7561584999999997,0.0
2.18,0.0,0.0,0.0417605,-0.265956,1.02176,-0.8173929999999997,-0.845128,1.54187,-0.8173929999999997,-4.70113,1.49715,-0.8173929999999997,-4.26116,-3.25787,-0.8173919999999998,-0.459378,-6.03966,-0.8173929999999997,-7.03696,-2.01092,-0.8173919999999998,-6.01573,6.01449,-0.8173929999999997,-7.04318,-5.98946,-0.8173929999999997,-11.4279,-1.0355,-0.8173999999999998,-10.9719,-6.02464,-0.8173999999999998,-14.5318,0.00693094,-0.8173929999999997,2.27424,0.0027254,-0.8155629999999997,0.514697,2.30002,-0.7732339999999998,0.512025,-2.33136,-0.7803999999999998,4.97883,-4.99817,-0.8155319999999997,4.97989,5.02929,-0.7732439999999997,2.03674,-6.95322,-0.8153759999999998,7.50018,-0.000507548,-0.7979469999999997,13.5358,2.93039,-0.8154179999999998,14.0029,-2.94891,-0.8144479999999997,14.2025,-2.79619,-0.7729219999999998,14.4913,1.5728,-0.7979189999999997,0.0
2.26,0.0,0.0,0.0417605,-0.265956,1.02176,-0.8591534999999997,-0.845128,1.54187,-0.8591534999999997,-4.70113,1.49715,-0.8591534999999997,-4.26116,-3.25787,-0.8591524999999998,-0.459378,-6.03966,-0.8591534999999997,-7.03696,-2.01092,-0.8591524999999998,-6.01573,6.01449,-0.8591534999999997,-7.04318,-5.98946,-0.8591534999999997,-11.4279,-1.0355,-0.8591604999999998,-10.9719,-6.02464,-0.8591604999999998,-14.5318,0.00693094,-0.8591534999999997,2.27424,0.0027254,-0.8573234999999997,0.514697,2.30002,-0.8149944999999997,0.512025,-2.33136,-0.8221604999999997,4.97883,-4.99817,-0.8572924999999997,4.97989,5.02929,-0.8150044999999997,2.03674,-6.95322,-0.8571364999999997,7.50018,-0.000507548,-0.8397074999999997,13.5358,2.93039,-0.8571784999999997,14.0029,-2.94891,-0.8562084999999997,14.2025,-2.79619,-0.8146824999999998,14.4913,1.5728,-0.8396794999999997,0.0
2.34,0.0,0.0,0.0417605,-0.265956,1.02176,-0.9009139999999995,-0.845128,1.54187,-0.9009139999999995,-4.70113,1.49715,-0.9009139999999995,-4.26116,-3.25787,-0.9009129999999996,-0.459378,-6.03966,-0.9009139999999995,-7.03696,-2.01092,-0.9009129999999996,-6.01573,6.01449,-0.9009139999999995,-7.04318,-5.98946,-0.9009139999999995,-11.4279,-1.0355,-0.9009209999999996,-10.9719,-6.02464,-0.9009209999999996,-14.5318,0.00693094,-0.9009139999999995,2.27424,0.0027254,-0.8990839999999997,0.514697,2.30002,-0.8567549999999997,0.512025,-2.33136,-0.8639209999999997,4.97883,-4.99817,-0.8990529999999997,4.97989,5.02929,-0.8567649999999997,2.03674,-6.95322,-0.8988969999999997,7.50018,-0.000507548,-0.8814679999999997,13.5358,2.93039,-0.8989389999999997,14.0029,-2.94891,-0.8979689999999997,14.2025,-2.79619,-0.8564429999999997,14.4913,1.5728,-0.8814399999999997,0.0
2.42,0.0,0.0,0.0417605,-0.265956,1.02176,-0.9426744999999996,-0.845128,1.54187,-0.9426744999999996,-4.70113,1.49715,-0.9426744999999996,-4.26116,-3.25787,-0.9426734999999996,-0.459378,-6.03966,-0.9426744999999996,-7.03696,-2.01092,-0.9426734999999996,-6.01573,6.01449,-0.9426744999999996,-7.04318,-5.98946,-0.9426744999999996,-11.4279,-1.0355,-0.9426814999999996,-10.9719,-6.02464,-0.9426814999999996,-14.5318,0.00693094,-0.9426744999999996,2.27424,0.0027254,-0.9408444999999996,0.514697,2.30002,-0.8985154999999997,0.512025,-2.33136,-0.9056814999999996,4.97883,-4.99817,-0.9408134999999996,4.97989,5.02929,-0.8985254999999996,2.03674,-6.95322,-0.9406574999999996,7.50018,-0.000507548,-0.9232284999999996,13.5358,2.93039,-0.9406994999999996,14.0029,-2.94891,-0.9397294999999996,14.2025,-2.79619,-0.8982034999999997,14.4913,1.5728,-0.9232004999999996,0.0
2.5,0.0,0.0,0.0417605,-0.265956,1.02176,-0.9844349999999996,-0.845128,1.54187,-0.9844349999999996,-4.70113,1.49715,-0.9844349999999996,-4.26116,-3.25787,-0.9844339999999996,-0.459378,-6.03966,-0.9844349999999996,-7.03696,-2.01092,-0.9844339999999996,-6.01573,6.01449,-0.9844349999999996,-7.04318,-5.98946,-0.9844349999999996,-11.4279,-1.0355,-0.9844419999999996,-10.9719,-6.02464,-0.9844419999999996,-14.5318,0.00693094,-0.9844349999999996,2.27424,0.0027254,-0.9826049999999996,0.514697,2.30002,-0.9402759999999996,0.512025,-2.33136,-0.9474419999999996,4.97883,-4.99817,-0.9825739999999996,4.97989,5.02929,-0.9402859999999996,2.03674,-6.95322,-0.9824179999999996,7.50018,-0.000507548,-0.9649889999999997,13.5358,2.93039,-0.9824599999999996,14.0029,-2.94891,-0.9814899999999996,14.2025,-2.79619,-0.9399639999999996,14.4913,1.5728,-0.9649609999999996,0.0
2.58,0.0,0.0,0.0417605,-0.265956,1.02176,-1.0261954999999996,-0.845128,1.54187,-1.0261954999999996,-4.70113,1.49715,-1.0261954999999996,-4.26116,-3.25787,-1.0261944999999997,-0.459378,-6.03966,-1.0261954999999996,-7.03696,-2.01092,-1.0261944999999997,-6.01573,6.01449,-1.0261954999999996,-7.04318,-5.98946,-1.0261954999999996,-11.4279,-1.0355,-1.0262024999999997,-10.9719,-6.02464,-1.0262024999999997,-14.5318,0.00693094,-1.0261954999999996,2.27424,0.0027254,-1.0243654999999996,0.514697,2.30002,-0.9820364999999996,0.512025,-2.33136,-0.9892024999999997,4.97883,-4.99817,-1.0243344999999997,4.97989,5.02929,-0.9820464999999996,2.03674,-6.95322,-1.0241784999999997,7.50018,-0.000507548,-1.0067494999999995,13.5358,2.93039,-1.0242204999999998,14.0029,-2.94891,-1.0232504999999996,14.2025,-2.79619,-0.9817244999999996,14.4913,1.5728,-1.0067214999999996,0.0
2.66,0.0,0.0,0.0417605,-0.265956,1.02176,-1.0679559999999997,-0.845128,1.54187,-1.0679559999999997,-4.70113,1.49715,-1.0679559999999997,-4.26116,-3.25787,-1.0679549999999998,-0.459378,-6.03966,-1.0679559999999997,-7.03696,-2.01092,-1.0679549999999998,-6.01573,6.01449,-1.0679559999999997,-7.04318,-5.98946,-1.0679559999999997,-11.4279,-1.0355,-1.0679629999999998,-10.9719,-6.02464,-1.0679629999999998,-14.5318,0.00693094,-1.0679559999999997,2.27424,0.0027254,-1.0661259999999997,0.514697,2.30002,-1.0237969999999996,0.512025,-2.33136,-1.0309629999999996,4.97883,-4.99817,-1.0660949999999998,4.97989,5.02929,-1.0238069999999997,2.03674,-6.95322,-1.0659389999999995,7.50018,-0.000507548,-1.0485099999999998,13.5358,2.93039,-1.0659809999999998,14.0029,-2.94891,-1.0650109999999997,14.2025,-2.79619,-1.0234849999999998,14.4913,1.5728,-1.0484819999999997,0.0
2.74,0.0,0.0,0.0417605,-0.265956,1.02176,-1.1097164999999998,-0.845128,1.54187,-1.1097164999999998,-4.70113,1.49715,-1.1097164999999998,-4.26116,-3.25787,-1.1097155,-0.459378,-6.03966,-1.1097164999999998,-7.03696,-2.01092,-1.1097155,-6.01573,6.01449,-1.1097164999999998,-7.04318,-5.98946,-1.1097164999999998,-11.4279,-1.0355,-1.1097235,-10.9719,-6.02464,-1.1097235,-14.5318,0.00693094,-1.1097164999999998,2.27424,0.0027254,-1.1078864999999998,0.514697,2.30002,-1.0655574999999995,0.512025,-2.33136,-1.0727234999999995,4.97883,-4.99817,-1.1078555,4.97989,5.02929,-1.0655674999999998,2.03674,-6.95322,-1.1076994999999998,7.50018,-0.000507548,-1.0902705,13.5358,2.93039,-1.1077415,14.0029,-2.94891,-1.1067714999999998,14.2025,-2.79619,-1.0652454999999998,14.4913,1.5728,-1.0902424999999998,0.0
2.82,0.0,0.0,0.0417605,-0.265956,1.02176,-1.151477,-0.845128,1.54187,-1.151477,-4.70113,1.49715,-1.151477,-4.26116,-3.25787,-1.151476,-0.459378,-6.03966,-1.151477,-7.03696,-2.01092,-1.151476,-6.01573,6.01449,-1.151477,-7.04318,-5.98946,-1.151477,-11.4279,-1.0355,-1.151484,-10.9719,-6.02464,-1.151484,-14.5318,0.00693094,-1.151477,2.27424,0.0027254,-1.149647,0.514697,2.30002,-1.1073179999999998,0.512025,-2.33136,-1.1144839999999998,4.97883,-4.99817,-1.149616,4.97989,5.02929,-1.107328,2.03674,-6.95322,-1.14946,7.50018,-0.000507548,-1.132031,13.5358,2.93039,-1.149502,14.0029,-2.94891,-1.148532,14.2025,-2.79619,-1.107006,14.4913,1.5728,-1.132003,0.0
2.9,0.0,0.0,0.0417605,-0.265956,1.02176,-1.1932375,-0.845128,1.54187,-1.1932375,-4.70113,1.49715,-1.1932375,-4.26116,-3.25787,-1.1932365,-0.459378,-6.03966,-1.1932375,-7.03696,-2.01092,-1.1932365,-6.01573,6.01449,-1.1932375,-7.04318,-5.98946,-1.1932375,-11.4279,-1.0355,-1.1932445,-10.9719,-6.02464,-1.1932445,-14.5318,0.00693094,-1.1932375,2.27424,0.0027254,-1.1914075,0.514697,2.30002,-1.1490785,0.512025,-2.33136,-1.1562445,4.97883,-4.99817,-1.1913765,4.97989,5.02929,-1.1490885,2.03674,-6.95322,-1.1912205,7.50018,-0.000507548,-1.1737915,13.5358,2.93039,-1.1912625,14.0029,-2.94891,-1.1902925,14.2025,-2.79619,-1.1487665,14.4913,1.5728,-1.1737635,0.0
2.98,0.0,0.0,0.0417605,-0.265956,1.02176,-1.234998,-0.845128,1.54187,-1.234998,-4.70113,1.49715,-1.234998,-4.26116,-3.25787,-1.234997,-0.459378,-6.03966,-1.234998,-7.03696,-2.01092,-1.234997,-6.01573,6.01449,-1.234998,-7.04318,-5.98946,-1.234998,-11.4279,-1.0355,-1.235005,-10.9719,-6.02464,-1.235005,-14.5318,0.00693094,-1.234998,2.27424,0.0027254,-1.233168,0.514697,2.30002,-1.190839,0.512025,-2.33136,-1.198005,4.97883,-4.99817,-1.233137,4.97989,5.02929,-1.190849,2.03674,-6.95322,-1.232981,7.50018,-0.000507548,-1.2155520000000002,13.5358,2.93039,-1.2330230000000002,14.0029,-2.94891,-1.232053,14.2025,-2.79619,-1.190527,14.4913,1.5728,-1.215524,0.0
3.06,0.0,0.0,0.0417605,-0.265956,1.02176,-1.2767585,-0.845128,1.54187,-1.2767585,-4.70113,1.49715,-1.2767585,-4.26116,-3.25787,-1.2767575000000002,-0.459378,-6.03966,-1.2767585,-7.03696,-2.01092,-1.2767575000000002,-6.01573,6.01449,-1.2767585,-7.04318,-5.98946,-1.2767585,-11.4279,-1.0355,-1.2767655000000002,-10.9719,-6.02464,-1.2767655000000002,-14.5318,0.00693094,-1.2767585,2.27424,0.0027254,-1.2749285,0.514697,2.30002,-1.2325995,0.512025,-2.33136,-1.2397655,4.97883,-4.99817,-1.2748975000000002,4.97989,5.02929,-1.2326095,2.03674,-6.95322,-1.2747415000000002,7.50018,-0.000507548,-1.2573125000000005,13.5358,2.93039,-1.2747835000000003,14.0029,-2.94891,-1.2738135000000002,14.2025,-2.79619,-1.2322875000000002,14.4913,1.5728,-1.2572845,0.0
3.14,0.0,0.0,0.0417605,-0.265956,1.02176,-1.3185190000000002,-0.845128,1.54187,-1.3185190000000002,-4.70113,1.49715,-1.3185190000000002,-4.26116,-3.25787,-1.3185180000000003,-0.459378,-6.03966,-1.3185190000000002,-7.03696,-2.01092,-1.3185180000000003,-6.01573,6.01449,-1.3185190000000002,-7.04318,-5.98946,-1.3185190000000002,-11.4279,-1.0355,-1.3185260000000003,-10.9719,-6.02464,-1.3185260000000003,-14.5318,0.00693094,-1.3185190000000002,2.27424,0.0027254,-1.3166890000000002,0.514697,2.30002,-1.2743600000000002,0.512025,-2.33136,-1.2815260000000002,4.97883,-4.99817,-1.3166580000000003,4.97989,5.02929,-1.2743700000000002,2.03674,-6.95322,-1.3165020000000005,7.50018,-0.000507548,-1.2990730000000004,13.5358,2.93039,-1.3165440000000004,14.0029,-2.94891,-1.3155740000000002,14.2025,-2.79619,-1.2740480000000003,14.4913,1.5728,-1.2990450000000002,0.0
3.22,0.0,0.0,0.0417605,-0.265956,1.02176,-1.3602795000000003,-0.845128,1.54187,-1.3602795000000003,-4.70113,1.49715,-1.3602795000000003,-4.26116,-3.25787,-1.3602785000000004,-0.459378,-6.03966,-1.3602795000000003,-7.03696,-2.01092,-1.3602785000000004,-6.01573,6.01449,-1.3602795000000003,-7.04318,-5.98946,-1.3602795000000003,-11.4279,-1.0355,-1.3602865000000004,-10.9719,-6.02464,-1.3602865000000004,-14.5318,0.00693094,-1.3602795000000003,2.27424,0.0027254,-1.3584495000000003,0.514697,2.30002,-1.3161205000000002,0.512025,-2.33136,-1.3232865000000005,4.97883,-4.99817,-1.3584185000000004,4.97989,5.02929,-1.3161305000000003,2.03674,-6.95322,-1.3582625000000004,7.50018,-0.000507548,-1.3408335000000005,13.5358,2.93039,-1.3583045000000005,14.0029,-2.94891,-1.3573345000000003,14.2025,-2.79619,-1.3158085000000004,14.4913,1.5728,-1.3408055000000003,0.0
3.3,0.0,0.0,0.0417605,-0.265956,1.02176,-1.4020400000000004,-0.845128,1.54187,-1.4020400000000004,-4.70113,1.49715,-1.4020400000000004,-4.26116,-3.25787,-1.4020390000000005,-0.459378,-6.03966,-1.4020400000000004,-7.03696,-2.01092,-1.4020390000000005,-6.01573,6.01449,-1.4020400000000004,-7.04318,-5.98946,-1.4020400000000004,-11.4279,-1.0355,-1.4020470000000005,-10.9719,-6.02464,-1.4020470000000005,-14.5318,0.00693094,-1.4020400000000004,2.27424,0.0027254,-1.4002100000000004,0.514697,2.30002,-1.3578810000000003,0.512025,-2.33136,-1.3650470000000003,4.97883,-4.99817,-1.4001790000000005,4.97989,5.02929,-1.3578910000000004,2.03674,-6.95322,-1.4000230000000005,7.50018,-0.000507548,-1.3825940000000003,13.5358,2.93039,-1.4000650000000006,14.0029,-2.94891,-1.3990950000000004,14.2025,-2.79619,-1.3575690000000005,14.4913,1.5728,-1.3825660000000004,0.0
3.38,0.0,0.0,0.0417605,-0.265956,1.02176,-1.4438005000000005,-0.845128,1.54187,-1.4438005000000005,-4.70113,1.49715,-1.4438005000000005,-4.26116,-3.25787,-1.4437995000000006,-0.459378,-6.03966,-1.4438005000000005,-7.03696,-2.01092,-1.4437995000000006,-6.01573,6.01449,-1.4438005000000005,-7.04318,-5.98946,-1.4438005000000005,-11.4279,-1.0355,-1.4438075000000006,-10.9719,-6.02464,-1.4438075000000006,-14.5318,0.00693094,-1.4438005000000005,2.27424,0.0027254,-1.4419705000000005,0.514697,2.30002,-1.3996415000000004,0.512025,-2.33136,-1.4068075000000004,4.97883,-4.99817,-1.4419395000000006,4.97989,5.02929,-1.3996515000000005,2.03674,-6.95322,-1.4417835000000006,7.50018,-0.000507548,-1.4243545000000006,13.5358,2.93039,-1.4418255000000006,14.0029,-2.94891,-1.4408555000000005,14.2025,-2.79619,-1.3993295000000006,14.4913,1.5728,-1.4243265000000005,0.0
3.46,0.0,0.0,0.0417605,-0.265956,1.02176,-1.4855610000000006,-0.845128,1.54187,-1.4855610000000006,-4.70113,1.49715,-1.4855610000000006,-4.26116,-3.25787,-1.4855600000000009,-0.459378,-6.03966,-1.4855610000000006,-7.03696,-2.01092,-1.4855600000000009,-6.01573,6.01449,-1.4855610000000006,-7.04318,-5.98946,-1.4855610000000006,-11.4279,-1.0355,-1.4855680000000009,-10.9719,-6.02464,-1.4855680000000009,-14.5318,0.00693094,-1.4855610000000006,2.27424,0.0027254,-1.4837310000000006,0.514697,2.30002,-1.4414020000000003,0.512025,-2.33136,-1.4485680000000003,4.97883,-4.99817,-1.483700000000001,4.97989,5.02929,-1.4414120000000006,2.03674,-6.95322,-1.4835440000000006,7.50018,-0.000507548,-1.4661150000000007,13.5358,2.93039,-1.4835860000000007,14.0029,-2.94891,-1.4826160000000006,14.2025,-2.79619,-1.4410900000000006,14.4913,1.5728,-1.4660870000000006,0.0
3.54,0.0,0.0,0.0417605,-0.265956,1.02176,-1.5273215000000009,-0.845128,1.54187,-1.5273215000000009,-4.70113,1.49715,-1.5273215000000009,-4.26116,-3.25787,-1.5273205000000007,-0.459378,-6.03966,-1.5273215000000009,-7.03696,-2.01092,-1.5273205000000007,-6.01573,6.01449,-1.5273215000000009,-7.04318,-5.98946,-1.5273215000000009,-11.4279,-1.0355,-1.5273285000000008,-10.9719,-6.02464,-1.5273285000000008,-14.5318,0.00693094,-1.5273215000000009,2.27424,0.0027254,-1.5254915000000009,0.514697,2.30002,-1.4831625000000006,0.512025,-2.33136,-1.4903285000000006,4.97883,-4.99817,-1.5254605000000008,4.97989,5.02929,-1.483172500000001,2.03674,-6.95322,-1.5253045000000007,7.50018,-0.000507548,-1.5078755000000008,13.5358,2.93039,-1.5253465000000008,14.0029,-2.94891,-1.5243765000000007,14.2025,-2.79619,-1.4828505000000007,14.4913,1.5728,-1.507847500000001,0.0
3.62,0.0,0.0,0.0417605,-0.265956,1.02176,-1.5690820000000008,-0.845128,1.54187,-1.5690820000000008,-4.70113,1.49715,-1.5690820000000008,-4.26116,-3.25787,-1.5690810000000008,-0.459378,-6.03966,-1.5690820000000008,-7.03696,-2.01092,-1.5690810000000008,-6.01573,6.01449,-1.5690820000000008,-7.04318,-5.98946,-1.5690820000000008,-11.4279,-1.0355,-1.5690890000000008,-10.9719,-6.02464,-1.5690890000000008,-14.5318,0.00693094,-1.5690820000000008,2.27424,0.0027254,-1.5672520000000008,0.514697,2.30002,-1.5249230000000007,0.512025,-2.33136,-1.5320890000000007,4.97883,-4.99817,-1.5672210000000009,4.97989,5.02929,-1.5249330000000008,2.03674,-6.95322,-1.5670650000000008,7.50018,-0.000507548,-1.549636000000001,13.5358,2.93039,-1.567107000000001,14.0029,-2.94891,-1.5661370000000008,14.2025,-2.79619,-1.5246110000000008,14.4913,1.5728,-1.5496080000000008,0.0
3.7,0.0,0.0,0.0417605,-0.265956,1.02176,-1.6108425000000008,-0.845128,1.54187,-1.6108425000000008,-4.70113,1.49715,-1.6108425000000008,-4.26116,-3.25787,-1.610841500000001,-0.459378,-6.03966,-1.6108425000000008,-7.03696,-2.01092,-1.610841500000001,-6.01573,6.01449,-1.6108425000000008,-7.04318,-5.98946,-1.6108425000000008,-11.4279,-1.0355,-1.610849500000001,-10.9719,-6.02464,-1.610849500000001,-14.5318,0.00693094,-1.6108425000000008,2.27424,0.0027254,-1.6090125000000008,0.514697,2.30002,-1.5666835000000008,0.512025,-2.33136,-1.5738495000000008,4.97883,-4.99817,-1.608981500000001,4.97989,5.02929,-1.5666935000000008,2.03674,-6.95322,-1.608825500000001,7.50018,-0.000507548,-1.591396500000001,13.5358,2.93039,-1.608867500000001,14.0029,-2.94891,-1.6078975000000009,14.2025,-2.79619,-1.566371500000001,14.4913,1.5728,-1.5913685000000009,0.0
3.78,0.0,0.0,0.0417605,-0.265956,1.02176,-1.652603000000001,-0.845128,1.54187,-1.652603000000001,-4.70113,1.49715,-1.652603000000001,-4.26116,-3.25787,-1.652602000000001,-0.459378,-6.03966,-1.652603000000001,-7.03696,-2.01092,-1.652602000000001,-6.01573,6.01449,-1.652603000000001,-7.04318,-5.98946,-1.652603000000001,-11.4279,-1.0355,-1.652610000000001,-10.9719,-6.02464,-1.652610000000001,-14.5318,0.00693094,-1.652603000000001,2.27424,0.0027254,-1.650773000000001,0.514697,2.30002,-1.6084440000000009,0.512025,-2.33136,-1.6156100000000009,4.97883,-4.99817,-1.650742000000001,4.97989,5.02929,-1.608454000000001,2.03674,-6.95322,-1.650586000000001,7.50018,-0.000507548,-1.633157000000001,13.5358,2.93039,-1.650628000000001,14.0029,-2.94891,-1.649658000000001,14.2025,-2.79619,-1.608132000000001,14.4913,1.5728,-1.633129000000001,0.0
3.86,0.0,0.0,0.0417605,-0.265956,1.02176,-1.694363500000001,-0.845128,1.54187,-1.694363500000001,-4.70113,1.49715,-1.694363500000001,-4.26116,-3.25787,-1.694362500000001,-0.459378,-6.03966,-1.694363500000001,-7.03696,-2.01092,-1.694362500000001,-6.01573,6.01449,-1.694363500000001,-7.04318,-5.98946,-1.694363500000001,-11.4279,-1.0355,-1.6943705000000011,-10.9719,-6.02464,-1.6943705000000011,-14.5318,0.00693094,-1.694363500000001,2.27424,0.0027254,-1.692533500000001,0.514697,2.30002,-1.650204500000001,0.512025,-2.33136,-1.657370500000001,4.97883,-4.99817,-1.6925025000000011,4.97989,5.02929,-1.650214500000001,2.03674,-6.95322,-1.692346500000001,7.50018,-0.000507548,-1.6749175000000012,13.5358,2.93039,-1.6923885000000012,14.0029,-2.94891,-1.691418500000001,14.2025,-2.79619,-1.649892500000001,14.4913,1.5728,-1.674889500000001,0.0
3.94,0.0,0.0,0.0417605,-0.265956,1.02176,-1.736124000000001,-0.845128,1.54187,-1.736124000000001,-4.70113,1.49715,-1.736124000000001,-4.26116,-3.25787,-1.7361230000000012,-0.459378,-6.03966,-1.736124000000001,-7.03696,-2.01092,-1.7361230000000012,-6.01573,6.01449,-1.736124000000001,-7.04318,-5.98946,-1.736124000000001,-11.4279,-1.0355,-1.7361310000000012,-10.9719,-6.02464,-1.7361310000000012,-14.5318,0.00693094,-1.736124000000001,2.27424,0.0027254,-1.7342940000000011,0.514697,2.30002,-1.691965000000001,0.512025,-2.33136,-1.699131000000001,4.97883,-4.99817,-1.7342630000000012,4.97989,5.02929,-1.6919750000000011,2.03674,-6.95322,-1.7341070000000012,7.50018,-0.000507548,-1.7166780000000013,13.5358,2.93039,-1.7341490000000013,14.0029,-2.94891,-1.7331790000000011,14.2025,-2.79619,-1.6916530000000012,14.4913,1.5728,-1.7166500000000011,0.0
4.02,0.0,0.0,0.0417605,-0.265956,1.02176,-1.7778845000000012,-0.845128,1.54187,-1.7778845000000012,-4.70113,1.49715,-1.7778845000000012,-4.26116,-3.25787,-1.7778835000000013,-0.459378,-6.03966,-1.7778845000000012,-7.03696,-2.01092,-1.7778835000000013,-6.01573,6.01449,-1.7778845000000012,-7.04318,-5.98946,-1.7778845000000012,-11.4279,-1.0355,-1.7778915000000013,-10.9719,-6.02464,-1.7778915000000013,-14.5318,0.00693094,-1.7778845000000012,2.27424,0.0027254,-1.7760545000000012,0.514697,2.30002,-1.7337255000000011,0.512025,-2.33136,-1.7408915000000011,4.97883,-4.99817,-1.7760235000000013,4.97989,5.02929,-1.7337355000000012,2.03674,-6.95322,-1.7758675000000013,7.50018,-0.000507548,-1.7584385000000011,13.5358,2.93039,-1.7759095000000014,14.0029,-2.94891,-1.7749395000000012,14.2025,-2.79619,-1.7334135000000013,14.4913,1.5728,-1.7584105000000012,0.0
4.1,0.0,0.0,0.0417605,-0.265956,1.02176,-1.8196450000000013,-0.845128,1.54187,-1.8196450000000013,-4.70113,1.49715,-1.8196450000000013,-4.26116,-3.25787,-1.8196440000000011,-0.459378,-6.03966,-1.8196450000000013,-7.03696,-2.01092,-1.8196440000000011,-6.01573,6.01449,-1.8196450000000013,-7.04318,-5.98946,-1.8196450000000013,-11.4279,-1.0355,-1.8196520000000012,-10.9719,-6.02464,-1.8196520000000012,-14.5318,0.00693094,-1.8196450000000013,2.27424,0.0027254,-1.8178150000000013,0.514697,2.30002,-1.7754860000000012,0.512025,-2.33136,-1.7826520000000012,4.97883,-4.99817,-1.8177840000000012,4.97989,5.02929,-1.7754960000000013,2.03674,-6.95322,-1.8176280000000011,7.50018,-0.000507548,-1.8001990000000014,13.5358,2.93039,-1.8176700000000012,14.0029,-2.94891,-1.816700000000001,14.2025,-2.79619,-1.7751740000000014,14.4913,1.5728,-1.8001710000000013,0.0
4.18,0.0,0.0,0.0417605,-0.265956,1.02176,-1.8614055000000012,-0.845128,1.54187,-1.8614055000000012,-4.70113,1.49715,-1.8614055000000012,-4.26116,-3.25787,-1.8614045000000012,-0.459378,-6.03966,-1.8614055000000012,-7.03696,-2.01092,-1.8614045000000012,-6.01573,6.01449,-1.8614055000000012,-7.04318,-5.98946,-1.8614055000000012,-11.4279,-1.0355,-1.8614125000000012,-10.9719,-6.02464,-1.8614125000000012,-14.5318,0.00693094,-1.8614055000000012,2.27424,0.0027254,-1.8595755000000012,0.514697,2.30002,-1.817246500000001,0.512025,-2.33136,-1.824412500000001,4.97883,-4.99817,-1.8595445000000013,4.97989,5.02929,-1.8172565000000012,2.03674,-6.95322,-1.8593885000000012,7.50018,-0.000507548,-1.8419595000000013,13.5358,2.93039,-1.859430500000001,14.0029,-2.94891,-1.8584605000000012,14.2025,-2.79619,-1.8169345000000012,14.4913,1.5728,-1.8419315000000012,0.0
4.26,0.0,0.0,0.0417605,-0.265956,1.02176,-1.9031660000000012,-0.845128,1.54187,-1.9031660000000012,-4.70113,1.49715,-1.9031660000000012,-4.26116,-3.25787,-1.903165000000001,-0.459378,-6.03966,-1.9031660000000012,-7.03696,-2.01092,-1.903165000000001,-6.01573,6.01449,-1.9031660000000012,-7.04318,-5.98946,-1.9031660000000012,-11.4279,-1.0355,-1.9031730000000016,-10.9719,-6.02464,-1.9031730000000016,-14.5318,0.00693094,-1.9031660000000012,2.27424,0.0027254,-1.9013360000000012,0.514697,2.30002,-1.8590070000000012,0.512025,-2.33136,-1.8661730000000012,4.97883,-4.99817,-1.9013050000000016,4.97989,5.02929,-1.8590170000000013,2.03674,-6.95322,-1.9011490000000013,7.50018,-0.000507548,-1.8837200000000016,13.5358,2.93039,-1.9011910000000016,14.0029,-2.94891,-1.9002210000000013,14.2025,-2.79619,-1.858695000000001,14.4913,1.5728,-1.8836920000000013,0.0
4.34,0.0,0.0,0.0417605,-0.265956,1.02176,-1.9449265000000016,-0.845128,1.54187,-1.9449265000000016,-4.70113,1.49715,-1.9449265000000016,-4.26116,-3.25787,-1.9449255000000016,-0.459378,-6.03966,-1.9449265000000016,-7.03696,-2.01092,-1.9449255000000016,-6.01573,6.01449,-1.9449265000000016,-7.04318,-5.98946,-1.9449265000000016,-11.4279,-1.0355,-1.9449335000000016,-10.9719,-6.02464,-1.9449335000000016,-14.5318,0.00693094,-1.9449265000000016,2.27424,0.0027254,-1.9430965000000016,0.514697,2.30002,-1.9007675000000013,0.512025,-2.33136,-1.9079335000000013,4.97883,-4.99817,-1.9430655000000017,4.97989,5.02929,-1.9007775000000016,2.03674,-6.95322,-1.9429095000000016,7.50018,-0.000507548,-1.9254805000000017,13.5358,2.93039,-1.9429515000000015,14.0029,-2.94891,-1.9419815000000016,14.2025,-2.79619,-1.9004555000000016,14.4913,1.5728,-1.9254525000000016,0.0
4.42,0.0,0.0,0.0417605,-0.265956,1.02176,-1.9866870000000016,-0.845128,1.54187,-1.9866870000000016,-4.70113,1.49715,-1.9866870000000016,-4.26116,-3.25787,-1.9866860000000015,-0.459378,-6.03966,-1.9866870000000016,-7.03696,-2.01092,-1.9866860000000015,-6.01573,6.01449,-1.9866870000000016,-7.04318,-5.98946,-1.9866870000000016,-11.4279,-1.0355,-1.9866940000000015,-10.9719,-6.02464,-1.9866940000000015,-14.5318,0.00693094,-1.9866870000000016,2.27424,0.0027254,-1.9848570000000016,0.514697,2.30002,-1.9425280000000016,0.512025,-2.33136,-1.9496940000000016,4.97883,-4.99817,-1.9848260000000015,4.97989,5.02929,-1.9425380000000017,2.03674,-6.95322,-1.9846700000000017,7.50018,-0.000507548,-1.9672410000000016,13.5358,2.93039,-1.9847120000000016,14.0029,-2.94891,-1.9837420000000017,14.2025,-2.79619,-1.9422160000000015,14.4913,1.5728,-1.9672130000000017,0.0
4.5,0.0,0.0,0.0417605,-0.265956,1.02176,-2.0284475000000017,-0.845128,1.54187,-2.0284475000000017,-4.70113,1.49715,-2.0284475000000017,-4.26116,-3.25787,-2.0284465000000016,-0.459378,-6.03966,-2.0284475000000017,-7.03696,-2.01092,-2.0284465000000016,-6.01573,6.01449,-2.0284475000000017,-7.04318,-5.98946,-2.0284475000000017,-11.4279,-1.0355,-2.028454500000002,-10.9719,-6.02464,-2.028454500000002,-14.5318,0.00693094,-2.0284475000000017,2.27424,0.0027254,-2.0266175000000017,0.514697,2.30002,-1.9842885000000017,0.512025,-2.33136,-1.9914545000000017,4.97883,-4.99817,-2.026586500000002,4.97989,5.02929,-1.9842985000000015,2.03674,-6.95322,-2.026430500000002,7.50018,-0.000507548,-2.009001500000002,13.5358,2.93039,-2.026472500000002,14.0029,-2.94891,-2.0255025000000018,14.2025,-2.79619,-1.9839765000000016,14.4913,1.5728,-2.008973500000001,0.0
4.58,0.0,0.0,0.0417605,-0.265956,1.02176,-2.070208000000002,-0.845128,1.54187,-2.070208000000002,-4.70113,1.49715,-2.070208000000002,-4.26116,-3.25787,-2.0702070000000017,-0.459378,-6.03966,-2.070208000000002,-7.03696,-2.01092,-2.0702070000000017,-6.01573,6.01449,-2.070208000000002,-7.04318,-5.98946,-2.070208000000002,-11.4279,-1.0355,-2.070215000000002,-10.9719,-6.02464,-2.070215000000002,-14.5318,0.00693094,-2.070208000000002,2.27424,0.0027254,-2.068378000000002,0.514697,2.30002,-2.0260490000000018,0.512025,-2.33136,-2.033215000000001,4.97883,-4.99817,-2.068347000000002,4.97989,5.02929,-2.026059000000002,2.03674,-6.95322,-2.068191000000002,7.50018,-0.000507548,-2.050762000000002,13.5358,2.93039,-2.068233000000002,14.0029,-2.94891,-2.067263000000002,14.2025,-2.79619,-2.0257370000000017,14.4913,1.5728,-2.0507340000000016,0.0
4.66,0.0,0.0,0.0417605,-0.265956,1.02176,-2.111968500000002,-0.845128,1.54187,-2.111968500000002,-4.70113,1.49715,-2.111968500000002,-4.26116,-3.25787,-2.1119675000000018,-0.459378,-6.03966,-2.111968500000002,-7.03696,-2.01092,-2.1119675000000018,-6.01573,6.01449,-2.111968500000002,-7.04318,-5.98946,-2.111968500000002,-11.4279,-1.0355,-2.111975500000002,-10.9719,-6.02464,-2.111975500000002,-14.5318,0.00693094,-2.111968500000002,2.27424,0.0027254,-2.110138500000002,0.514697,2.30002,-2.067809500000002,0.512025,-2.33136,-2.0749755000000016,4.97883,-4.99817,-2.110107500000002,4.97989,5.02929,-2.067819500000002,2.03674,-6.95322,-2.109951500000002,7.50018,-0.000507548,-2.092522500000002,13.5358,2.93039,-2.109993500000002,14.0029,-2.94891,-2.109023500000002,14.2025,-2.79619,-2.0674975000000018,14.4913,1.5728,-2.0924945000000017,0.0
4.74,0.0,0.0,0.0417605,-0.265956,1.02176,-2.153729000000002,-0.845128,1.54187,-2.153729000000002,-4.70113,1.49715,-2.153729000000002,-4.26116,-3.25787,-2.153728000000002,-0.459378,-6.03966,-2.153729000000002,-7.03696,-2.01092,-2.153728000000002,-6.01573,6.01449,-2.153729000000002,-7.04318,-5.98946,-2.153729000000002,-11.4279,-1.0355,-2.153736000000002,-10.9719,-6.02464,-2.153736000000002,-14.5318,0.00693094,-2.153729000000002,2.27424,0.0027254,-2.151899000000002,0.514697,2.30002,-2.109570000000002,0.512025,-2.33136,-2.1167360000000017,4.97883,-4.99817,-2.151868000000002,4.97989,5.02929,-2.109580000000002,2.03674,-6.95322,-2.151712000000002,7.50018,-0.000507548,-2.134283000000002,13.5358,2.93039,-2.151754000000002,14.0029,-2.94891,-2.150784000000002,14.2025,-2.79619,-2.109258000000002,14.4913,1.5728,-2.134255000000002,0.0
4.82,0.0,0.0,0.0417605,-0.265956,1.02176,-2.195489500000002,-0.845128,1.54187,-2.195489500000002,-4.70113,1.49715,-2.195489500000002,-4.26116,-3.25787,-2.195488500000002,-0.459378,-6.03966,-2.195489500000002,-7.03696,-2.01092,-2.195488500000002,-6.01573,6.01449,-2.195489500000002,-7.04318,-5.98946,-2.195489500000002,-11.4279,-1.0355,-2.195496500000002,-10.9719,-6.02464,-2.195496500000002,-14.5318,0.00693094,-2.195489500000002,2.27424,0.0027254,-2.193659500000002,0.514697,2.30002,-2.151330500000002,0.512025,-2.33136,-2.158496500000002,4.97883,-4.99817,-2.193628500000002,4.97989,5.02929,-2.151340500000002,2.03674,-6.95322,-2.193472500000002,7.50018,-0.000507548,-2.1760435000000022,13.5358,2.93039,-2.1935145000000023,14.0029,-2.94891,-2.192544500000002,14.2025,-2.79619,-2.151018500000002,14.4913,1.5728,-2.176015500000002,0.0
4.9,0.0,0.0,0.0417605,-0.265956,1.02176,-2.237250000000002,-0.845128,1.54187,-2.237250000000002,-4.70113,1.49715,-2.237250000000002,-4.26116,-3.25787,-2.237249000000002,-0.459378,-6.03966,-2.237250000000002,-7.03696,-2.01092,-2.237249000000002,-6.01573,6.01449,-2.237250000000002,-7.04318,-5.98946,-2.237250000000002,-11.4279,-1.0355,-2.2372570000000023,-10.9719,-6.02464,-2.2372570000000023,-14.5318,0.00693094,-2.237250000000002,2.27424,0.0027254,-2.235420000000002,0.514697,2.30002,-2.193091000000002,0.512025,-2.33136,-2.200257000000002,4.97883,-4.99817,-2.2353890000000023,4.97989,5.02929,-2.193101000000002,2.03674,-6.95322,-2.2352330000000022,7.50018,-0.000507548,-2.2178040000000023,13.5358,2.93039,-2.2352750000000023,14.0029,-2.94891,-2.234305000000002,14.2025,-2.79619,-2.192779000000002,14.4913,1.5728,-2.217776000000002,0.0
4.98,0.0,0.0,0.0417605,-0.265956,1.02176,-2.2790105000000023,-0.845128,1.54187,-2.2790105000000023,-4.70113,1.49715,-2.2790105000000023,-4.26116,-3.25787,-2.279009500000002,-0.459378,-6.03966,-2.2790105000000023,-7.03696,-2.01092,-2.279009500000002,-6.01573,6.01449,-2.2790105000000023,-7.04318,-5.98946,-2.2790105000000023,-11.4279,-1.0355,-2.2790175000000024,-10.9719,-6.02464,-2.2790175000000024,-14.5318,0.00693094,-2.2790105000000023,2.27424,0.0027254,-2.2771805000000023,0.514697,2.30002,-2.234851500000002,0.512025,-2.33136,-2.242017500000002,4.97883,-4.99817,-2.2771495000000024,4.97989,5.02929,-2.2348615000000023,2.03674,-6.95322,-2.2769935000000023,7.50018,-0.000507548,-2.2595645000000024,13.5358,2.93039,-2.2770355000000024,14.0029,-2.94891,-2.2760655000000023,14.2025,-2.79619,-2.234539500000002,14.4913,1.5728,-2.259536500000002,0.0
5.06,0.0,0.0,0.0417605,-0.265956,1.02176,-2.3207710000000024,-0.845128,1.54187,-2.3207710000000024,-4.70113,1.49715,-2.3207710000000024,-4.26116,-3.25787,-2.320770000000002,-0.459378,-6.03966,-2.3207710000000024,-7.03696,-2.01092,-2.320770000000002,-6.01573,6.01449,-2.3207710000000024,-7.04318,-5.98946,-2.3207710000000024,-11.4279,-1.0355,-2.3207780000000025,-10.9719,-6.02464,-2.3207780000000025,-14.5318,0.00693094,-2.3207710000000024,2.27424,0.0027254,-2.3189410000000024,0.514697,2.30002,-2.2766120000000023,0.512025,-2.33136,-2.283778000000002,4.97883,-4.99817,-2.3189100000000025,4.97989,5.02929,-2.2766220000000024,2.03674,-6.95322,-2.3187540000000024,7.50018,-0.000507548,-2.3013250000000025,13.5358,2.93039,-2.3187960000000025,14.0029,-2.94891,-2.3178260000000024,14.2025,-2.79619,-2.276300000000002,14.4913,1.5728,-2.301297000000002,0.0
5.14,0.0,0.0,0.0417605,-0.265956,1.02176,-2.3625315000000024,-0.845128,1.54187,-2.3625315000000024,-4.70113,1.49715,-2.3625315000000024,-4.26116,-3.25787,-2.3625305000000023,-0.459378,-6.03966,-2.3625315000000024,-7.03696,-2.01092,-2.3625305000000023,-6.01573,6.01449,-2.3625315000000024,-7.04318,-5.98946,-2.3625315000000024,-11.4279,-1.0355,-2.3625385000000025,-10.9719,-6.02464,-2.3625385000000025,-14.5318,0.00693094,-2.3625315000000024,2.27424,0.0027254,-2.3607015000000025,0.514697,2.30002,-2.3183725000000024,0.512025,-2.33136,-2.325538500000002,4.97883,-4.99817,-2.3606705000000026,4.97989,5.02929,-2.3183825000000025,2.03674,-6.95322,-2.3605145000000025,7.50018,-0.000507548,-2.3430855000000026,13.5358,2.93039,-2.3605565000000026,14.0029,-2.94891,-2.3595865000000025,14.2025,-2.79619,-2.3180605000000023,14.4913,1.5728,-2.3430575000000022,0.0
5.22,0.0,0.0,0.0417605,-0.265956,1.02176,-2.4042920000000025,-0.845128,1.54187,-2.4042920000000025,-4.70113,1.49715,-2.4042920000000025,-4.26116,-3.25787,-2.4042910000000024,-0.459378,-6.03966,-2.4042920000000025,-7.03696,-2.01092,-2.4042910000000024,-6.01573,6.01449,-2.4042920000000025,-7.04318,-5.98946,-2.4042920000000025,-11.4279,-1.0355,-2.404299000000002,-10.9719,-6.02464,-2.404299000000002,-14.5318,0.00693094,-2.4042920000000025,2.27424,0.0027254,-2.4024620000000025,0.514697,2.30002,-2.3601330000000025,0.512025,-2.33136,-2.3672990000000023,4.97883,-4.99817,-2.402431000000002,4.97989,5.02929,-2.3601430000000025,2.03674,-6.95322,-2.4022750000000026,7.50018,-0.000507548,-2.3848460000000027,13.5358,2.93039,-2.4023170000000027,14.0029,-2.94891,-2.4013470000000026,14.2025,-2.79619,-2.3598210000000024,14.4913,1.5728,-2.3848180000000023,0.0
5.3,0.0,0.0,0.0417605,-0.265956,1.02176,-2.446052500000002,-0.845128,1.54187,-2.446052500000002,-4.70113,1.49715,-2.446052500000002,-4.26116,-3.25787,-2.4460515000000025,-0.459378,-6.03966,-2.446052500000002,-7.03696,-2.01092,-2.4460515000000025,-6.01573,6.01449,-2.446052500000002,-7.04318,-5.98946,-2.446052500000002,-11.4279,-1.0355,-2.4460595000000027,-10.9719,-6.02464,-2.4460595000000027,-14.5318,0.00693094,-2.446052500000002,2.27424,0.0027254,-2.444222500000002,0.514697,2.30002,-2.4018935000000026,0.512025,-2.33136,-2.4090595000000024,4.97883,-4.99817,-2.4441915000000027,4.97989,5.02929,-2.401903500000002,2.03674,-6.95322,-2.4440355000000027,7.50018,-0.000507548,-2.4266065000000028,13.5358,2.93039,-2.444077500000003,14.0029,-2.94891,-2.4431075000000027,14.2025,-2.79619,-2.4015815000000025,14.4913,1.5728,-2.4265785000000024,0.0
5.38,0.0,0.0,0.0417605,-0.265956,1.02176,-2.4878130000000027,-0.845128,1.54187,-2.4878130000000027,-4.70113,1.49715,-2.4878130000000027,-4.26116,-3.25787,-2.4878120000000026,-0.459378,-6.03966,-2.4878130000000027,-7.03696,-2.01092,-2.4878120000000026,-6.01573,6.01449,-2.4878130000000027,-7.04318,-5.98946,-2.4878130000000027,-11.4279,-1.0355,-2.487820000000003,-10.9719,-6.02464,-2.487820000000003,-14.5318,0.00693094,-2.4878130000000027,2.27424,0.0027254,-2.4859830000000027,0.514697,2.30002,-2.4436540000000027,0.512025,-2.33136,-2.4508200000000024,4.97883,-4.99817,-2.485952000000003,4.97989,5.02929,-2.4436640000000027,2.03674,-6.95322,-2.485796000000003,7.50018,-0.000507548,-2.468367000000003,13.5358,2.93039,-2.485838000000003,14.0029,-2.94891,-2.4848680000000027,14.2025,-2.79619,-2.4433420000000026,14.4913,1.5728,-2.4683390000000025,0.0
5.46,0.0,0.0,0.0417605,-0.265956,1.02176,-2.529573500000003,-0.845128,1.54187,-2.529573500000003,-4.70113,1.49715,-2.529573500000003,-4.26116,-3.25787,-2.5295725000000027,-0.459378,-6.03966,-2.529573500000003,-7.03696,-2.01092,-2.5295725000000027,-6.01573,6.01449,-2.529573500000003,-7.04318,-5.98946,-2.529573500000003,-11.4279,-1.0355,-2.529580500000003,-10.9719,-6.02464,-2.529580500000003,-14.5318,0.00693094,-2.529573500000003,2.27424,0.0027254,-2.527743500000003,0.514697,2.30002,-2.4854145000000027,0.512025,-2.33136,-2.4925805000000025,4.97883,-4.99817,-2.527712500000003,4.97989,5.02929,-2.485424500000003,2.03674,-6.95322,-2.527556500000003,7.50018,-0.000507548,-2.510127500000003,13.5358,2.93039,-2.527598500000003,14.0029,-2.94891,-2.526628500000003,14.2025,-2.79619,-2.4851025000000027,14.4913,1.5728,-2.5100995000000026,0.0
5.54,0.0,0.0,0.0417605,-0.265956,1.02176,-2.571334000000003,-0.845128,1.54187,-2.571334000000003,-4.70113,1.49715,-2.571334000000003,-4.26116,-3.25787,-2.5713330000000028,-0.459378,-6.03966,-2.571334000000003,-7.03696,-2.01092,-2.5713330000000028,-6.01573,6.01449,-2.571334000000003,-7.04318,-5.98946,-2.571334000000003,-11.4279,-1.0355,-2.571341000000003,-10.9719,-6.02464,-2.571341000000003,-14.5318,0.00693094,-2.571334000000003,2.27424,0.0027254,-2.569504000000003,0.514697,2.30002,-2.527175000000003,0.512025,-2.33136,-2.5343410000000026,4.97883,-4.99817,-2.569473000000003,4.97989,5.02929,-2.527185000000003,2.03674,-6.95322,-2.569317000000003,7.50018,-0.000507548,-2.551888000000003,13.5358,2.93039,-2.569359000000003,14.0029,-2.94891,-2.568389000000003,14.2025,-2.79619,-2.5268630000000027,14.4913,1.5728,-2.5518600000000027,0.0
5.62,0.0,0.0,0.0417605,-0.265956,1.02176,-2.613094500000003,-0.845128,1.54187,-2.613094500000003,-4.70113,1.49715,-2.613094500000003,-4.26116,-3.25787,-2.613093500000003,-0.459378,-6.03966,-2.613094500000003,-7.03696,-2.01092,-2.613093500000003,-6.01573,6.01449,-2.613094500000003,-7.04318,-5.98946,-2.613094500000003,-11.4279,-1.0355,-2.613101500000003,-10.9719,-6.02464,-2.613101500000003,-14.5318,0.00693094,-2.613094500000003,2.27424,0.0027254,-2.611264500000003,0.514697,2.30002,-2.568935500000003,0.512025,-2.33136,-2.5761015000000027,4.97883,-4.99817,-2.611233500000003,4.97989,5.02929,-2.568945500000003,2.03674,-6.95322,-2.611077500000003,7.50018,-0.000507548,-2.593648500000003,13.5358,2.93039,-2.611119500000003,14.0029,-2.94891,-2.610149500000003,14.2025,-2.79619,-2.568623500000003,14.4913,1.5728,-2.5936205000000028,0.0
5.7,0.0,0.0,0.0417605,-0.265956,1.02176,-2.654855000000003,-0.845128,1.54187,-2.654855000000003,-4.70113,1.49715,-2.654855000000003,-4.26116,-3.25787,-2.654854000000003,-0.459378,-6.03966,-2.654855000000003,-7.03696,-2.01092,-2.654854000000003,-6.01573,6.01449,-2.654855000000003,-7.04318,-5.98946,-2.654855000000003,-11.4279,-1.0355,-2.654862000000003,-10.9719,-6.02464,-2.654862000000003,-14.5318,0.00693094,-2.654855000000003,2.27424,0.0027254,-2.653025000000003,0.514697,2.30002,-2.610696000000003,0.512025,-2.33136,-2.617862000000003,4.97883,-4.99817,-2.652994000000003,4.97989,5.02929,-2.610706000000003,2.03674,-6.95322,-2.652838000000003,7.50018,-0.000507548,-2.635409000000003,13.5358,2.93039,-2.6528800000000032,14.0029,-2.94891,-2.651910000000003,14.2025,-2.79619,-2.610384000000003,14.4913,1.5728,-2.635381000000003,0.0
5.78,0.0,0.0,0.0417605,-0.265956,1.02176,-2.696615500000003,-0.845128,1.54187,-2.696615500000003,-4.70113,1.49715,-2.696615500000003,-4.26116,-3.25787,-2.696614500000003,-0.459378,-6.03966,-2.696615500000003,-7.03696,-2.01092,-2.696614500000003,-6.01573,6.01449,-2.696615500000003,-7.04318,-5.98946,-2.696615500000003,-11.4279,-1.0355,-2.6966225000000037,-10.9719,-6.02464,-2.6966225000000037,-14.5318,0.00693094,-2.696615500000003,2.27424,0.0027254,-2.694785500000003,0.514697,2.30002,-2.652456500000003,0.512025,-2.33136,-2.659622500000003,4.97883,-4.99817,-2.6947545000000037,4.97989,5.02929,-2.652466500000003,2.03674,-6.95322,-2.6945985000000032,7.50018,-0.000507548,-2.6771695000000038,13.5358,2.93039,-2.6946405000000038,14.0029,-2.94891,-2.693670500000003,14.2025,-2.79619,-2.652144500000003,14.4913,1.5728,-2.677141500000003,0.0
5.86,0.0,0.0,0.0417605,-0.265956,1.02176,-2.7383760000000037,-0.845128,1.54187,-2.7383760000000037,-4.70113,1.49715,-2.7383760000000037,-4.26116,-3.25787,-2.738375000000003,-0.459378,-6.03966,-2.7383760000000037,-7.03696,-2.01092,-2.738375000000003,-6.01573,6.01449,-2.7383760000000037,-7.04318,-5.98946,-2.7383760000000037,-11.4279,-1.0355,-2.738383000000004,-10.9719,-6.02464,-2.738383000000004,-14.5318,0.00693094,-2.7383760000000037,2.27424,0.0027254,-2.7365460000000037,0.514697,2.30002,-2.694217000000003,0.512025,-2.33136,-2.701383000000003,4.97883,-4.99817,-2.736515000000004,4.97989,5.02929,-2.6942270000000037,2.03674,-6.95322,-2.7363590000000038,7.50018,-0.000507548,-2.7189300000000034,13.5358,2.93039,-2.7364010000000034,14.0029,-2.94891,-2.7354310000000037,14.2025,-2.79619,-2.693905000000003,14.4913,1.5728,-2.718902000000003,0.0
5.94,0.0,0.0,0.0417605,-0.265956,1.02176,-2.780136500000004,-0.845128,1.54187,-2.780136500000004,-4.70113,1.49715,-2.780136500000004,-4.26116,-3.25787,-2.780135500000003,-0.459378,-6.03966,-2.780136500000004,-7.03696,-2.01092,-2.780135500000003,-6.01573,6.01449,-2.780136500000004,-7.04318,-5.98946,-2.780136500000004,-11.4279,-1.0355,-2.7801435000000034,-10.9719,-6.02464,-2.7801435000000034,-14.5318,0.00693094,-2.780136500000004,2.27424,0.0027254,-2.778306500000004,0.514697,2.30002,-2.7359775000000037,0.512025,-2.33136,-2.743143500000003,4.97883,-4.99817,-2.7782755000000035,4.97989,5.02929,-2.735987500000004,2.03674,-6.95322,-2.7781195000000034,7.50018,-0.000507548,-2.7606905000000035,13.5358,2.93039,-2.7781615000000035,14.0029,-2.94891,-2.777191500000004,14.2025,-2.79619,-2.735665500000003,14.4913,1.5728,-2.760662500000003,0.0
6.02,0.0,0.0,0.0417605,-0.265956,1.02176,-2.8218970000000034,-0.845128,1.54187,-2.8218970000000034,-4.70113,1.49715,-2.8218970000000034,-4.26116,-3.25787,-2.8218960000000037,-0.459378,-6.03966,-2.8218970000000034,-7.03696,-2.01092,-2.8218960000000037,-6.01573,6.01449,-2.8218970000000034,-7.04318,-5.98946,-2.8218970000000034,-11.4279,-1.0355,-2.8219040000000035,-10.9719,-6.02464,-2.8219040000000035,-14.5318,0.00693094,-2.8218970000000034,2.27424,0.0027254,-2.8200670000000034,0.514697,2.30002,-2.777738000000004,0.512025,-2.33136,-2.784904000000003,4.97883,-4.99817,-2.8200360000000035,4.97989,5.02929,-2.7777480000000034,2.03674,-6.95322,-2.8198800000000035,7.50018,-0.000507548,-2.802451000000004,13.5358,2.93039,-2.819922000000004,14.0029,-2.94891,-2.8189520000000035,14.2025,-2.79619,-2.7774260000000037,14.4913,1.5728,-2.802423000000003,0.0
6.1,0.0,0.0,0.0417605,-0.265956,1.02176,-2.8636575000000035,-0.845128,1.54187,-2.8636575000000035,-4.70113,1.49715,-2.8636575000000035,-4.26116,-3.25787,-2.8636565000000034,-0.459378,-6.03966,-2.8636575000000035,-7.03696,-2.01092,-2.8636565000000034,-6.01573,6.01449,-2.8636575000000035,-7.04318,-5.98946,-2.8636575000000035,-11.4279,-1.0355,-2.863664500000004,-10.9719,-6.02464,-2.863664500000004,-14.5318,0.00693094,-2.8636575000000035,2.27424,0.0027254,-2.8618275000000035,0.514697,2.30002,-2.8194985000000035,0.512025,-2.33136,-2.8266645000000032,4.97883,-4.99817,-2.861796500000004,4.97989,5.02929,-2.8195085000000035,2.03674,-6.95322,-2.861640500000004,7.50018,-0.000507548,-2.844211500000004,13.5358,2.93039,-2.861682500000004,14.0029,-2.94891,-2.8607125000000035,14.2025,-2.79619,-2.819186500000004,14.4913,1.5728,-2.8441835000000038,0.0
6.18,0.0,0.0,0.0417605,-0.265956,1.02176,-2.905418000000004,-0.845128,1.54187,-2.905418000000004,-4.70113,1.49715,-2.905418000000004,-4.26116,-3.25787,-2.9054170000000035,-0.459378,-6.03966,-2.905418000000004,-7.03696,-2.01092,-2.9054170000000035,-6.01573,6.01449,-2.905418000000004,-7.04318,-5.98946,-2.905418000000004,-11.4279,-1.0355,-2.905425000000004,-10.9719,-6.02464,-2.905425000000004,-14.5318,0.00693094,-2.905418000000004,2.27424,0.0027254,-2.903588000000004,0.514697,2.30002,-2.8612590000000035,0.512025,-2.33136,-2.8684250000000038,4.97883,-4.99817,-2.903557000000004,4.97989,5.02929,-2.861269000000004,2.03674,-6.95322,-2.903401000000004,7.50018,-0.000507548,-2.885972000000004,13.5358,2.93039,-2.903443000000004,14.0029,-2.94891,-2.902473000000004,14.2025,-2.79619,-2.8609470000000035,14.4913,1.5728,-2.8859440000000034,0.0
6.25999,0.0,0.0,0.0417605,-0.265956,1.02176,-2.947178500000004,-0.845128,1.54187,-2.947178500000004,-4.70113,1.49715,-2.947178500000004,-4.26116,-3.25787,-2.947177500000004,-0.459378,-6.03966,-2.947178500000004,-7.03696,-2.01092,-2.947177500000004,-6.01573,6.01449,-2.947178500000004,-7.04318,-5.98946,-2.947178500000004,-11.4279,-1.0355,-2.947185500000004,-10.9719,-6.02464,-2.947185500000004,-14.5318,0.00693094,-2.947178500000004,2.27424,0.0027254,-2.945348500000004,0.514697,2.30002,-2.903019500000004,0.512025,-2.33136,-2.9101855000000034,4.97883,-4.99817,-2.945317500000004,4.97989,5.02929,-2.903029500000004,2.03674,-6.95322,-2.945161500000004,7.50018,-0.000507548,-2.927732500000004,13.5358,2.93039,-2.945203500000004,14.0029,-2.94891,-2.944233500000004,14.2025,-2.79619,-2.9027075000000035,14.4913,1.5728,-2.9277045000000035,0.0
6.33999,0.0,0.0,0.0417605,-0.265956,1.02176,-2.988939000000004,-0.845128,1.54187,-2.988939000000004,-4.70113,1.49715,-2.988939000000004,-4.26116,-3.25787,-2.988938000000004,-0.459378,-6.03966,-2.988939000000004,-7.03696,-2.01092,-2.988938000000004,-6.01573,6.01449,-2.988939000000004,-7.04318,-5.98946,-2.988939000000004,-11.4279,-1.0355,-2.988946000000004,-10.9719,-6.02464,-2.988946000000004,-14.5318,0.00693094,-2.988939000000004,2.27424,0.0027254,-2.987109000000004,0.514697,2.30002,-2.944780000000004,0.512025,-2.33136,-2.9519460000000035,4.97883,-4.99817,-2.987078000000004,4.97989,5.02929,-2.944790000000004,2.03674,-6.95322,-2.986922000000004,7.50018,-0.000507548,-2.969493000000004,13.5358,2.93039,-2.986964000000004,14.0029,-2.94891,-2.985994000000004,14.2025,-2.79619,-2.944468000000004,14.4913,1.5728,-2.969465000000004,0.0
6.41999,0.0,0.0,0.0417605,-0.265956,1.02176,-3.030699500000004,-0.845128,1.54187,-3.030699500000004,-4.70113,1.49715,-3.030699500000004,-4.26116,-3.25787,-3.030698500000004,-0.459378,-6.03966,-3.030699500000004,-7.03696,-2.01092,-3.030698500000004,-6.01573,6.01449,-3.030699500000004,-7.04318,-5.98946,-3.030699500000004,-11.4279,-1.0355,-3.030706500000004,-10.9719,-6.02464,-3.030706500000004,-14.5318,0.00693094,-3.030699500000004,2.27424,0.0027254,-3.028869500000004,0.514697,2.30002,-2.986540500000004,0.512025,-2.33136,-2.993706500000004,4.97883,-4.99817,-3.028838500000004,4.97989,5.02929,-2.986550500000004,2.03674,-6.95322,-3.028682500000004,7.50018,-0.000507548,-3.011253500000004,13.5358,2.93039,-3.028724500000004,14.0029,-2.94891,-3.027754500000004,14.2025,-2.79619,-2.986228500000004,14.4913,1.5728,-3.011225500000004,0.0
6.49999,0.0,0.0,0.0417605,-0.265956,1.02176,-3.072460000000004,-0.845128,1.54187,-3.072460000000004,-4.70113,1.49715,-3.072460000000004,-4.26116,-3.25787,-3.072459000000004,-0.459378,-6.03966,-3.072460000000004,-7.03696,-2.01092,-3.072459000000004,-6.01573,6.01449,-3.072460000000004,-7.04318,-5.98946,-3.072460000000004,-11.4279,-1.0355,-3.072467000000004,-10.9719,-6.02464,-3.072467000000004,-14.5318,0.00693094,-3.072460000000004,2.27424,0.0027254,-3.070630000000004,0.514697,2.30002,-3.028301000000004,0.512025,-2.33136,-3.035467000000004,4.97883,-4.99817,-3.070599000000004,4.97989,5.02929,-3.028311000000004,2.03674,-6.95322,-3.070443000000004,7.50018,-0.000507548,-3.053014000000004,13.5358,2.93039,-3.070485000000004,14.0029,-2.94891,-3.069515000000004,14.2025,-2.79619,-3.027989000000004,14.4913,1.5728,-3.052986000000004,0.0
6.57999,0.0,0.0,0.0417605,-0.265956,1.02176,-3.114220500000004,-0.845128,1.54187,-3.114220500000004,-4.70113,1.49715,-3.114220500000004,-4.26116,-3.25787,-3.114219500000004,-0.459378,-6.03966,-3.114220500000004,-7.03696,-2.01092,-3.114219500000004,-6.01573,6.01449,-3.114220500000004,-7.04318,-5.98946,-3.114220500000004,-11.4279,-1.0355,-3.114227500000004,-10.9719,-6.02464,-3.114227500000004,-14.5318,0.00693094,-3.114220500000004,2.27424,0.0027254,-3.112390500000004,0.514697,2.30002,-3.070061500000004,0.512025,-2.33136,-3.077227500000004,4.97883,-4.99817,-3.112359500000004,4.97989,5.02929,-3.070071500000004,2.03674,-6.95322,-3.112203500000004,7.50018,-0.000507548,-3.094774500000004,13.5358,2.93039,-3.112245500000004,14.0029,-2.94891,-3.111275500000004,14.2025,-2.79619,-3.069749500000004,14.4913,1.5728,-3.094746500000004,0.0
6.65999,0.0,0.0,0.0417605,-0.265956,1.02176,-3.155981000000004,-0.845128,1.54187,-3.155981000000004,-4.70113,1.49715,-3.155981000000004,-4.26116,-3.25787,-3.155980000000004,-0.459378,-6.03966,-3.155981000000004,-7.03696,-2.01092,-3.155980000000004,-6.01573,6.01449,-3.155981000000004,-7.04318,-5.98946,-3.155981000000004,-11.4279,-1.0355,-3.155988000000004,-10.9719,-6.02464,-3.155988000000004,-14.5318,0.00693094,-3.155981000000004,2.27424,0.0027254,-3.154151000000004,0.514697,2.30002,-3.111822000000004,0.512025,-2.33136,-3.118988000000004,4.97883,-4.99817,-3.1541200000000043,4.97989,5.02929,-3.111832000000004,2.03674,-6.95322,-3.153964000000004,7.50018,-0.000507548,-3.1365350000000043,13.5358,2.93039,-3.1540060000000043,14.0029,-2.94891,-3.153036000000004,14.2025,-2.79619,-3.111510000000004,14.4913,1.5728,-3.136507000000004,0.0
6.73999,0.0,0.0,0.0417605,-0.265956,1.02176,-3.197741500000004,-0.845128,1.54187,-3.197741500000004,-4.70113,1.49715,-3.197741500000004,-4.26116,-3.25787,-3.197740500000004,-0.459378,-6.03966,-3.197741500000004,-7.03696,-2.01092,-3.197740500000004,-6.01573,6.01449,-3.197741500000004,-7.04318,-5.98946,-3.197741500000004,-11.4279,-1.0355,-3.1977485000000043,-10.9719,-6.02464,-3.1977485000000043,-14.5318,0.00693094,-3.197741500000004,2.27424,0.0027254,-3.195911500000004,0.514697,2.30002,-3.153582500000004,0.512025,-2.33136,-3.160748500000004,4.97883,-4.99817,-3.1958805000000043,4.97989,5.02929,-3.153592500000004,2.03674,-6.95322,-3.1957245000000043,7.50018,-0.000507548,-3.1782955000000044,13.5358,2.93039,-3.1957665000000044,14.0029,-2.94891,-3.1947965000000043,14.2025,-2.79619,-3.153270500000004,14.4913,1.5728,-3.178267500000004,0.0
6.81999,0.0,0.0,0.0417605,-0.265956,1.02176,-3.2395020000000043,-0.845128,1.54187,-3.2395020000000043,-4.70113,1.49715,-3.2395020000000043,-4.26116,-3.25787,-3.239501000000004,-0.459378,-6.03966,-3.2395020000000043,-7.03696,-2.01092,-3.239501000000004,-6.01573,6.01449,-3.2395020000000043,-7.04318,-5.98946,-3.2395020000000043,-11.4279,-1.0355,-3.2395090000000044,-10.9719,-6.02464,-3.2395090000000044,-14.5318,0.00693094,-3.2395020000000043,2.27424,0.0027254,-3.2376720000000043,0.514697,2.30002,-3.1953430000000043,0.512025,-2.33136,-3.202509000000004,4.97883,-4.99817,-3.2376410000000044,4.97989,5.02929,-3.1953530000000043,2.03674,-6.95322,-3.2374850000000044,7.50018,-0.000507548,-3.2200560000000045,13.5358,2.93039,-3.2375270000000045,14.0029,-2.94891,-3.2365570000000043,14.2025,-2.79619,-3.195031000000004,14.4913,1.5728,-3.220028000000004,0.0
6.89999,0.0,0.0,0.0417605,-0.265956,1.02176,-3.2812625000000044,-0.845128,1.54187,-3.2812625000000044,-4.70113,1.49715,-3.2812625000000044,-4.26116,-3.25787,-3.2812615000000043,-0.459378,-6.03966,-3.2812625000000044,-7.03696,-2.01092,-3.2812615000000043,-6.01573,6.01449,-3.2812625000000044,-7.04318,-5.98946,-3.2812625000000044,-11.4279,-1.0355,-3.2812695000000045,-10.9719,-6.02464,-3.2812695000000045,-14.5318,0.00693094,-3.2812625000000044,2.27424,0.0027254,-3.2794325000000044,0.514697,2.30002,-3.2371035000000044,0.512025,-2.33136,-3.244269500000004,4.97883,-4.99817,-3.2794015000000045,4.97989,5.02929,-3.2371135000000044,2.03674,-6.95322,-3.2792455000000045,7.50018,-0.000507548,-3.261816500000005,13.5358,2.93039,-3.279287500000005,14.0029,-2.94891,-3.2783175000000044,14.2025,-2.79619,-3.2367915000000043,14.4913,1.5728,-3.261788500000004,0.0
6.97999,0.0,0.0,0.0417605,-0.265956,1.02176,-3.3230230000000045,-0.845128,1.54187,-3.3230230000000045,-4.70113,1.49715,-3.3230230000000045,-4.26116,-3.25787,-3.3230220000000044,-0.459378,-6.03966,-3.3230230000000045,-7.03696,-2.01092,-3.3230220000000044,-6.01573,6.01449,-3.3230230000000045,-7.04318,-5.98946,-3.3230230000000045,-11.4279,-1.0355,-3.3230300000000046,-10.9719,-6.02464,-3.3230300000000046,-14.5318,0.00693094,-3.3230230000000045,2.27424,0.0027254,-3.3211930000000045,0.514697,2.30002,-3.2788640000000044,0.512025,-2.33136,-3.286030000000004,4.97883,-4.99817,-3.3211620000000046,4.97989,5.02929,-3.2788740000000045,2.03674,-6.95322,-3.321006000000005,7.50018,-0.000507548,-3.3035770000000046,13.5358,2.93039,-3.3210480000000047,14.0029,-2.94891,-3.3200780000000045,14.2025,-2.79619,-3.2785520000000044,14.4913,1.5728,-3.3035490000000043,0.0
7.05999,0.0,0.0,0.0417605,-0.265956,1.02176,-3.3647835000000046,-0.845128,1.54187,-3.3647835000000046,-4.70113,1.49715,-3.3647835000000046,-4.26116,-3.25787,-3.3647825000000045,-0.459378,-6.03966,-3.3647835000000046,-7.03696,-2.01092,-3.3647825000000045,-6.01573,6.01449,-3.3647835000000046,-7.04318,-5.98946,-3.3647835000000046,-11.4279,-1.0355,-3.3647905000000047,-10.9719,-6.02464,-3.3647905000000047,-14.5318,0.00693094,-3.3647835000000046,2.27424,0.0027254,-3.3629535000000046,0.514697,2.30002,-3.3206245000000045,0.512025,-2.33136,-3.3277905000000043,4.97883,-4.99817,-3.3629225000000047,4.97989,5.02929,-3.3206345000000046,2.03674,-6.95322,-3.3627665000000047,7.50018,-0.000507548,-3.3453375000000047,13.5358,2.93039,-3.3628085000000048,14.0029,-2.94891,-3.3618385000000046,14.2025,-2.79619,-3.3203125000000044,14.4913,1.5728,-3.3453095000000044,0.0
7.13999,0.0,0.0,0.0417605,-0.265956,1.02176,-3.4065440000000047,-0.845128,1.54187,-3.4065440000000047,-4.70113,1.49715,-3.4065440000000047,-4.26116,-3.25787,-3.4065430000000045,-0.459378,-6.03966,-3.4065440000000047,-7.03696,-2.01092,-3.4065430000000045,-6.01573,6.01449,-3.4065440000000047,-7.04318,-5.98946,-3.4065440000000047,-11.4279,-1.0355,-3.4065510000000048,-10.9719,-6.02464,-3.4065510000000048,-14.5318,0.00693094,-3.4065440000000047,2.27424,0.0027254,-3.4047140000000047,0.514697,2.30002,-3.3623850000000046,0.512025,-2.33136,-3.3695510000000044,4.97883,-4.99817,-3.404683000000005,4.97989,5.02929,-3.3623950000000047,2.03674,-6.95322,-3.4045270000000047,7.50018,-0.000507548,-3.387098000000005,13.5358,2.93039,-3.404569000000005,14.0029,-2.94891,-3.4035990000000047,14.2025,-2.79619,-3.3620730000000045,14.4913,1.5728,-3.3870700000000045,0.0
7.21999,0.0,0.0,0.0417605,-0.265956,1.02176,-3.4483045000000048,-0.845128,1.54187,-3.4483045000000048,-4.70113,1.49715,-3.4483045000000048,-4.26116,-3.25787,-3.4483035000000046,-0.459378,-6.03966,-3.4483045000000048,-7.03696,-2.01092,-3.4483035000000046,-6.01573,6.01449,-3.4483045000000048,-7.04318,-5.98946,-3.4483045000000048,-11.4279,-1.0355,-3.448311500000005,-10.9719,-6.02464,-3.448311500000005,-14.5318,0.00693094,-3.4483045000000048,2.27424,0.0027254,-3.4464745000000048,0.514697,2.30002,-3.4041455000000047,0.512025,-2.33136,-3.4113115000000045,4.97883,-4.99817,-3.446443500000005,4.97989,5.02929,-3.4041555000000048,2.03674,-6.95322,-3.446287500000005,7.50018,-0.000507548,-3.428858500000005,13.5358,2.93039,-3.446329500000005,14.0029,-2.94891,-3.445359500000005,14.2025,-2.79619,-3.4038335000000046,14.4913,1.5728,-3.428830500000005,0.0
7.29999,0.0,0.0,0.0417605,-0.265956,1.02176,-3.490065000000005,-0.845128,1.54187,-3.490065000000005,-4.70113,1.49715,-3.490065000000005,-4.26116,-3.25787,-3.4900640000000047,-0.459378,-6.03966,-3.490065000000005,-7.03696,-2.01092,-3.4900640000000047,-6.01573,6.01449,-3.490065000000005,-7.04318,-5.98946,-3.490065000000005,-11.4279,-1.0355,-3.490072000000005,-10.9719,-6.02464,-3.490072000000005,-14.5318,0.00693094,-3.490065000000005,2.27424,0.0027254,-3.488235000000005,0.514697,2.30002,-3.445906000000005,0.512025,-2.33136,-3.4530720000000046,4.97883,-4.99817,-3.488204000000005,4.97989,5.02929,-3.445916000000005,2.03674,-6.95322,-3.488048000000005,7.50018,-0.000507548,-3.470619000000005,13.5358,2.93039,-3.488090000000005,14.0029,-2.94891,-3.487120000000005,14.2025,-2.79619,-3.4455940000000047,14.4913,1.5728,-3.4705910000000046,0.0
7.37999,0.0,0.0,0.0417605,-0.265956,1.02176,-3.531825500000005,-0.845128,1.54187,-3.531825500000005,-4.70113,1.49715,-3.531825500000005,-4.26116,-3.25787,-3.531824500000005,-0.459378,-6.03966,-3.531825500000005,-7.03696,-2.01092,-3.531824500000005,-6.01573,6.01449,-3.531825500000005,-7.04318,-5.98946,-3.531825500000005,-11.4279,-1.0355,-3.531832500000005,-10.9719,-6.02464,-3.531832500000005,-14.5318,0.00693094,-3.531825500000005,2.27424,0.0027254,-3.529995500000005,0.514697,2.30002,-3.487666500000005,0.512025,-2.33136,-3.4948325000000047,4.97883,-4.99817,-3.529964500000005,4.97989,5.02929,-3.487676500000005,2.03674,-6.95322,-3.529808500000005,7.50018,-0.000507548,-3.512379500000005,13.5358,2.93039,-3.529850500000005,14.0029,-2.94891,-3.528880500000005,14.2025,-2.79619,-3.487354500000005,14.4913,1.5728,-3.5123515000000047,0.0
7.45999,0.0,0.0,0.0417605,-0.265956,1.02176,-3.573586000000005,-0.845128,1.54187,-3.573586000000005,-4.70113,1.49715,-3.573586000000005,-4.26116,-3.25787,-3.573585000000005,-0.459378,-6.03966,-3.573586000000005,-7.03696,-2.01092,-3.573585000000005,-6.01573,6.01449,-3.573586000000005,-7.04318,-5.98946,-3.573586000000005,-11.4279,-1.0355,-3.573593000000005,-10.9719,-6.02464,-3.573593000000005,-14.5318,0.00693094,-3.573586000000005,2.27424,0.0027254,-3.571756000000005,0.514697,2.30002,-3.529427000000005,0.512025,-2.33136,-3.5365930000000048,4.97883,-4.99817,-3.571725000000005,4.97989,5.02929,-3.529437000000005,2.03674,-6.95322,-3.571569000000005,7.50018,-0.000507548,-3.554140000000005,13.5358,2.93039,-3.571611000000005,14.0029,-2.94891,-3.570641000000005,14.2025,-2.79619,-3.529115000000005,14.4913,1.5728,-3.554112000000005,0.0
7.53999,0.0,0.0,0.0417605,-0.265956,1.02176,-3.615346500000005,-0.845128,1.54187,-3.615346500000005,-4.70113,1.49715,-3.615346500000005,-4.26116,-3.25787,-3.615345500000005,-0.459378,-6.03966,-3.615346500000005,-7.03696,-2.01092,-3.615345500000005,-6.01573,6.01449,-3.615346500000005,-7.04318,-5.98946,-3.615346500000005,-11.4279,-1.0355,-3.615353500000005,-10.9719,-6.02464,-3.615353500000005,-14.5318,0.00693094,-3.615346500000005,2.27424,0.0027254,-3.613516500000005,0.514697,2.30002,-3.571187500000005,0.512025,-2.33136,-3.578353500000005,4.97883,-4.99817,-3.613485500000005,4.97989,5.02929,-3.571197500000005,2.03674,-6.95322,-3.613329500000005,7.50018,-0.000507548,-3.5959005000000053,13.5358,2.93039,-3.613371500000005,14.0029,-2.94891,-3.612401500000005,14.2025,-2.79619,-3.570875500000005,14.4913,1.5728,-3.595872500000005,0.0
7.61999,0.0,0.0,0.0417605,-0.265956,1.02176,-3.657107000000005,-0.845128,1.54187,-3.657107000000005,-4.70113,1.49715,-3.657107000000005,-4.26116,-3.25787,-3.657106000000005,-0.459378,-6.03966,-3.657107000000005,-7.03696,-2.01092,-3.657106000000005,-6.01573,6.01449,-3.657107000000005,-7.04318,-5.98946,-3.657107000000005,-11.4279,-1.0355,-3.657114000000005,-10.9719,-6.02464,-3.657114000000005,-14.5318,0.00693094,-3.657107000000005,2.27424,0.0027254,-3.655277000000005,0.514697,2.30002,-3.612948000000005,0.512025,-2.33136,-3.620114000000005,4.97883,-4.99817,-3.655246000000005,4.97989,5.02929,-3.612958000000005,2.03674,-6.95322,-3.655090000000005,7.50018,-0.000507548,-3.637661000000005,13.5358,2.93039,-3.655132000000005,14.0029,-2.94891,-3.654162000000005,14.2025,-2.79619,-3.612636000000005,14.4913,1.5728,-3.637633000000005,0.0
7.69999,0.0,0.0,0.0417605,-0.265956,1.02176,-3.698867500000005,-0.845128,1.54187,-3.698867500000005,-4.70113,1.49715,-3.698867500000005,-4.26116,-3.25787,-3.698866500000005,-0.459378,-6.03966,-3.698867500000005,-7.03696,-2.01092,-3.698866500000005,-6.01573,6.01449,-3.698867500000005,-7.04318,-5.98946,-3.698867500000005,-11.4279,-1.0355,-3.698874500000005,-10.9719,-6.02464,-3.698874500000005,-14.5318,0.00693094,-3.698867500000005,2.27424,0.0027254,-3.697037500000005,0.514697,2.30002,-3.654708500000005,0.512025,-2.33136,-3.661874500000005,4.97883,-4.99817,-3.697006500000005,4.97989,5.02929,-3.654718500000005,2.03674,-6.95322,-3.696850500000005,7.50018,-0.000507548,-3.6794215000000055,13.5358,2.93039,-3.6968925000000055,14.0029,-2.94891,-3.695922500000005,14.2025,-2.79619,-3.654396500000005,14.4913,1.5728,-3.679393500000005,0.0
7.77999,0.0,0.0,0.0417605,-0.265956,1.02176,-3.740628000000005,-0.845128,1.54187,-3.740628000000005,-4.70113,1.49715,-3.740628000000005,-4.26116,-3.25787,-3.740627000000005,-0.459378,-6.03966,-3.740628000000005,-7.03696,-2.01092,-3.740627000000005,-6.01573,6.01449,-3.740628000000005,-7.04318,-5.98946,-3.740628000000005,-11.4279,-1.0355,-3.7406350000000055,-10.9719,-6.02464,-3.7406350000000055,-14.5318,0.00693094,-3.740628000000005,2.27424,0.0027254,-3.738798000000005,0.514697,2.30002,-3.696469000000005,0.512025,-2.33136,-3.703635000000005,4.97883,-4.99817,-3.7387670000000055,4.97989,5.02929,-3.696479000000005,2.03674,-6.95322,-3.7386110000000055,7.50018,-0.000507548,-3.7211820000000055,13.5358,2.93039,-3.7386530000000056,14.0029,-2.94891,-3.737683000000005,14.2025,-2.79619,-3.696157000000005,14.4913,1.5728,-3.721154000000005,0.0
7.85999,0.0,0.0,0.0417605,-0.265956,1.02176,-3.7823885000000055,-0.845128,1.54187,-3.7823885000000055,-4.70113,1.49715,-3.7823885000000055,-4.26116,-3.25787,-3.782387500000005,-0.459378,-6.03966,-3.7823885000000055,-7.03696,-2.01092,-3.782387500000005,-6.01573,6.01449,-3.7823885000000055,-7.04318,-5.98946,-3.7823885000000055,-11.4279,-1.0355,-3.7823955000000056,-10.9719,-6.02464,-3.7823955000000056,-14.5318,0.00693094,-3.7823885000000055,2.27424,0.0027254,-3.7805585000000055,0.514697,2.30002,-3.738229500000005,0.512025,-2.33136,-3.745395500000005,4.97883,-4.99817,-3.7805275000000056,4.97989,5.02929,-3.7382395000000055,2.03674,-6.95322,-3.7803715000000055,7.50018,-0.000507548,-3.7629425000000056,13.5358,2.93039,-3.7804135000000056,14.0029,-2.94891,-3.7794435000000055,14.2025,-2.79619,-3.737917500000005,14.4913,1.5728,-3.762914500000005,0.0